order_item_id,order_id,product_id,seller_id,quantity,unit_price
1,1,237,323,1,105430.46
2,1,425,1893,4,83536.48
3,2,110,1241,1,81418.02
4,2,236,784,4,12733.8
5,3,86,1265,1,3746.35
6,3,248,1481,3,12786.15
7,4,1910,1276,2,76395.74
8,4,510,1172,2,49197.51
9,4,406,691,2,43355.35
10,4,1896,1353,2,78489.89
11,5,1591,307,3,85074.66
12,5,1067,185,3,5455.05
13,5,213,1144,4,95389.03
14,6,1889,1761,1,67057.44
15,6,691,669,2,28373.49
16,7,770,1721,5,79075.51
17,7,264,1735,3,29982.6
18,7,36,717,4,27220.99
19,8,1660,1520,1,23172.6
20,9,1466,1166,5,59385.26
21,9,1366,1596,5,80618.73
22,10,1590,200,2,30502.77
23,11,291,565,2,15508.27
24,12,1126,751,4,39311.71
25,12,669,1893,2,86450.65
26,12,1106,56,3,30027.59
27,13,53,987,1,66207.58
28,13,289,742,5,13112.97
29,14,1142,570,1,63749.08
30,14,1014,1269,1,43403.13
31,15,884,873,5,38230.56
32,16,267,1762,3,51017.56
33,16,260,1936,1,4734.83
34,17,1952,1696,1,48616.92
35,17,1770,1455,3,26154.89
36,17,325,121,1,10586.77
37,18,1860,1960,4,90313.38
38,18,1854,1574,4,61967.96
39,18,831,1829,3,23303.41
40,19,907,1595,3,45808.66
41,19,1209,871,2,13096.49
42,19,1387,515,4,101045.3
43,20,1714,515,4,26680.19
44,20,1660,227,1,21792.72
45,21,1633,1605,5,13174.19
46,22,55,1867,4,76856.95
47,22,1651,206,4,75989.43
48,23,1002,332,4,67795.03
49,24,1059,200,3,62015.19
50,25,1214,1779,1,83967.19
51,25,63,1443,1,10148.38
52,26,1042,837,4,59402.58
53,26,87,111,4,81038.48
54,27,164,1666,3,91814.41
55,27,1985,1087,3,38778.65
56,27,98,409,4,44520.95
57,28,51,1158,4,22817.3
58,28,36,1089,5,26172.63
59,29,873,520,4,17788.96
60,29,1441,247,5,6780.55
61,29,880,408,2,81967.46
62,29,1221,321,4,107428.87
63,30,1822,305,1,57828.53
64,30,807,132,5,85209.93
65,30,895,284,4,75455.25
66,30,1686,118,3,82199.18
67,31,206,1284,5,85090.37
68,31,637,139,1,58440.6
69,31,1977,1206,4,30858.88
70,31,677,255,3,37650.45
71,32,1200,1574,5,26068.23
72,32,484,1465,5,47687.64
73,32,1114,1758,3,32445.96
74,33,511,135,3,92647.26
75,33,1368,87,3,19684.93
76,33,1450,1028,1,44321.7
77,34,1325,1683,4,78131.34
78,34,1701,809,5,42580.51
79,34,1225,1010,2,23368.79
80,35,949,900,1,31393.02
81,35,1209,783,5,11923.5
82,36,210,783,1,33192.03
83,36,842,994,3,73530.51
84,36,1860,994,4,90463.5
85,37,478,357,3,53385.91
86,37,1702,432,5,18967.82
87,38,1194,234,5,38773.56
88,38,1165,31,1,72781.27
89,38,1868,1866,3,69242.68
90,39,1737,54,2,95606.91
91,39,1958,1056,4,69163.98
92,39,1353,1108,2,39007.45
93,39,286,842,1,80052.7
94,40,1292,1646,3,12689.34
95,41,482,757,5,43443.63
96,42,1845,172,4,7987.82
97,42,301,1497,5,21063.65
98,42,1838,1204,3,6781.8
99,42,230,1041,1,36485.73
100,43,1988,1120,4,86962.33
101,44,1096,1553,1,65370.97
102,44,284,1803,3,46096.03
103,44,330,1511,2,15330.5
104,45,1992,1910,1,5987.93
105,45,1039,127,1,467.77
106,45,766,96,4,54252.85
107,45,897,970,1,96090.1
108,46,1725,779,5,50997.37
109,46,387,1220,4,16892.09
110,47,1914,324,5,78084.96
111,48,1621,1374,4,95982.11
112,48,339,1034,2,53849.74
113,48,1229,1541,4,40628.69
114,49,1362,89,5,37695.81
115,49,1302,1462,1,18650.62
116,49,103,1619,1,62211.61
117,49,548,868,1,44588.91
118,50,1013,1843,5,20172.68
119,51,999,1381,5,39469.23
120,51,582,683,4,93256.57
121,52,1190,1349,4,83770.61
122,52,1635,1311,1,53433.9
123,52,1760,1897,4,20725.43
124,52,1649,580,5,58961.25
125,53,1476,1917,5,1674.27
126,53,543,545,4,79830.6
127,54,133,24,2,22707.11
128,54,910,210,4,15253.13
129,55,1188,1691,4,19720.28
130,55,1557,1120,2,23472.08
131,55,498,1982,5,35563.12
132,56,545,820,5,66501.12
133,56,1095,467,5,31270.14
134,57,282,310,5,4270.25
135,57,530,1180,1,8138.84
136,57,810,1277,1,76641.72
137,57,983,152,2,54154.82
138,58,1202,1836,2,92946.04
139,59,1681,419,4,70848.18
140,59,1789,437,4,92470.59
141,60,700,383,2,46357.78
142,61,658,194,4,71142.12
143,61,1140,1700,1,7801.86
144,61,1047,738,3,13447.09
145,62,297,200,4,85569.53
146,62,537,65,2,12130.74
147,62,256,561,1,88525.79
148,62,1263,853,4,64525.3
149,63,1548,1867,1,12622.6
150,63,1517,260,3,14008.67
151,63,992,1174,5,93371.84
152,63,1837,1120,5,63246.69
153,64,1775,821,4,45598.15
154,65,199,164,4,72470.24
155,65,557,1059,1,53839.9
156,66,1275,808,4,35418.98
157,66,379,1119,4,93860.51
158,66,1883,1103,5,77710.48
159,67,1432,1192,4,89255.79
160,67,1998,1126,4,29171.45
161,68,1162,1776,1,61336.68
162,68,640,1205,3,80160.46
163,68,1411,1646,1,65083.03
164,68,1828,1257,2,65799.15
165,69,120,1408,4,51118.7
166,69,1731,505,4,81096.34
167,70,720,233,1,76300.21
168,71,1399,1706,5,6892.71
169,71,1492,1580,5,60234.65
170,71,127,425,4,9861.91
171,71,466,842,2,26590.64
172,72,672,115,4,93489.41
173,72,763,101,1,78191.93
174,72,1228,1334,5,8581.41
175,73,612,1990,5,901.28
176,73,1087,97,3,7957.25
177,74,1398,1850,5,17194.19
178,74,1772,884,4,50975.15
179,74,562,670,4,57078.09
180,74,1609,30,3,68207.08
181,75,1004,697,5,80799.97
182,75,1549,1170,4,62969.65
183,75,908,632,3,59941.4
184,76,1601,1650,5,25323.04
185,76,1038,268,2,54902.39
186,77,529,1794,4,82263.63
187,77,1637,1750,2,20377.15
188,77,829,690,3,47619.57
189,78,1296,711,2,40994.54
190,78,685,19,4,34814.92
191,78,1237,383,1,81208.95
192,78,1246,603,2,4684.73
193,79,877,1422,4,49849.36
194,79,1975,276,3,19653.55
195,79,1806,800,1,33333.64
196,79,980,363,3,7579.91
197,80,190,763,5,31042.74
198,81,1093,1310,4,98566.84
199,81,1633,13,5,12771.69
200,81,1059,972,5,63119.37
201,82,986,262,2,43810.57
202,82,1457,355,5,82759.25
203,82,1013,1929,3,19183.39
204,82,1145,1609,1,3015.23
205,83,914,837,3,38206.72
206,83,277,1308,4,11336.3
207,83,1472,1496,1,1034.51
208,84,418,1083,3,35352.22
209,85,701,1427,5,4511.32
210,85,467,1775,5,11547.99
211,85,881,1135,3,17544.42
212,85,709,1302,2,78274.21
213,86,1942,635,2,53013.76
214,86,1053,1142,2,15799.73
215,86,359,1800,3,55377.38
216,87,97,1935,4,74747.93
217,87,65,1337,3,1908.69
218,87,1385,957,3,16858.23
219,88,1732,158,1,5645.57
220,88,1803,397,2,30399.4
221,89,585,1568,4,72150.57
222,89,1577,1272,1,74424.29
223,89,1101,1846,4,61858.1
224,89,1260,498,3,69303.58
225,90,1003,63,2,62616.25
226,90,348,1137,5,76527.86
227,91,1679,1839,4,5200.56
228,91,150,26,5,63206.59
229,92,1243,1606,4,26148.34
230,93,523,674,2,78745.37
231,94,666,1117,5,60574.24
232,94,1473,547,5,54588.69
233,95,1737,626,1,84939.22
234,95,471,1886,1,14044.2
235,95,1805,1465,4,42737.71
236,96,1054,1726,4,71795.01
237,96,1854,353,3,60085.8
238,96,138,1878,3,16449.48
239,97,110,1679,5,99088.43
240,97,1692,1410,1,11283.3
241,97,1089,1269,2,9540.64
242,97,431,1607,5,35233.78
243,98,494,253,2,82402.87
244,98,1319,1967,5,66518.67
245,98,1221,524,5,102789.95
246,99,1201,318,5,46492.67
247,99,1081,645,4,69727.7
248,99,1054,273,4,67181.26
249,99,1591,1720,4,97085.68
250,100,772,1660,1,48495.42
251,100,477,1226,5,76461.33
252,100,75,781,3,56574.66
253,101,1853,1704,5,95149.45
254,101,418,1214,4,34708.52
255,102,488,1623,1,51876.71
256,102,1164,231,5,89562.29
257,103,1885,1806,5,66895.52
258,103,1674,354,5,3158.34
259,103,322,1893,1,36735.4
260,103,1933,1141,2,59638.16
261,104,92,1672,1,55877.53
262,105,360,5,1,49452.32
263,105,1821,1070,4,32709.85
264,106,235,1041,5,14380.3
265,106,93,1144,4,25119.94
266,106,1864,250,1,35840.3
267,106,62,1675,3,81906.65
268,107,1632,1879,2,12305.02
269,107,191,593,3,48086.92
270,107,592,1314,1,73117.68
271,107,127,1547,1,11114.52
272,108,863,1570,5,93186.2
273,108,1604,400,3,60002.33
274,108,1539,1775,5,83520.02
275,109,72,8,2,98604.54
276,110,937,1711,4,27344.69
277,111,758,1674,3,102467.67
278,112,897,41,1,87162.37
279,112,1709,1992,4,2857.46
280,112,153,189,1,77980.94
281,112,679,1326,4,27909.61
282,113,1777,185,2,38721.63
283,113,178,4,4,64025.3
284,113,1452,206,4,21207.95
285,114,1582,86,5,47098.42
286,114,1267,753,5,31700.1
287,114,962,881,4,94140.12
288,115,1135,1095,5,27636.34
289,115,289,830,2,13946.66
290,115,774,941,1,58299.75
291,116,1143,1302,5,37015.92
292,116,1138,1084,4,47789.88
293,116,1066,149,3,49551.49
294,116,1839,1645,5,93356.69
295,117,929,1167,4,13164.55
296,117,1729,48,5,29548.76
297,117,159,46,1,49401.29
298,118,931,1293,5,40103.76
299,118,1740,1702,2,70183.94
300,118,1974,620,1,9621.89
301,119,1559,1933,5,57761.04
302,120,1927,1606,4,487.2
303,120,150,1046,3,79840.01
304,121,944,997,4,46541.12
305,122,1375,1532,2,54883.22
306,123,1234,198,5,25299.76
307,123,379,1710,5,82834.71
308,123,1606,189,5,24705.37
309,123,153,825,2,87638.78
310,124,334,1236,4,50724.72
311,124,289,1204,1,14170.73
312,125,1477,546,2,73704.43
313,125,1498,1134,3,95403.52
314,125,751,764,4,101375.0
315,126,654,892,5,6120.05
316,127,259,1782,3,35309.35
317,127,1730,1,5,9161.34
318,128,130,1295,4,65328.51
319,129,840,109,4,10745.45
320,129,564,1695,2,14989.74
321,129,1947,1771,4,88869.96
322,130,1884,1252,3,97629.25
323,130,1147,1814,3,58277.66
324,131,995,1066,5,62525.26
325,132,1469,185,2,12770.48
326,132,927,149,4,61099.3
327,132,493,1111,3,33668.32
328,133,121,1611,3,30168.85
329,134,188,238,5,15693.21
330,135,1251,365,4,13882.73
331,136,1672,1346,1,43598.31
332,137,166,1524,3,71665.8
333,137,1531,1674,4,50735.48
334,137,1803,1167,2,25244.45
335,137,90,68,4,64346.6
336,138,1216,10,4,89260.26
337,138,643,1435,1,74325.01
338,138,1394,1176,3,94893.37
339,138,31,671,3,1253.97
340,139,1634,1069,4,62921.51
341,139,1163,1138,5,51346.96
342,140,706,572,4,61029.56
343,140,270,847,1,90663.34
344,140,1219,1625,5,66871.78
345,140,527,972,2,80847.23
346,141,437,1847,1,22515.42
347,142,93,1587,5,24809.35
348,142,315,826,2,12352.8
349,142,721,141,4,57900.42
350,143,1989,1605,3,53898.17
351,143,1806,1074,2,35557.42
352,144,862,124,4,34886.69
353,144,1086,1118,4,85141.04
354,145,918,449,3,5825.07
355,145,397,1907,5,92048.12
356,145,1205,1121,3,12276.91
357,145,1123,652,2,80545.06
358,146,832,1107,1,47869.36
359,146,1874,109,4,12916.36
360,146,283,1899,3,81422.55
361,147,738,722,1,18205.45
362,147,920,814,2,33885.97
363,147,1270,375,1,29281.46
364,147,688,1108,3,21957.32
365,148,220,1289,3,31956.13
366,148,88,1365,5,10499.96
367,148,1011,479,1,79794.43
368,149,948,1596,5,6706.73
369,150,1231,1407,1,5598.38
370,151,1443,1397,4,1394.41
371,151,1931,1440,2,56950.92
372,151,912,49,4,17508.58
373,152,1883,1675,3,75748.97
374,152,479,171,2,6059.16
375,152,646,1829,1,11397.94
376,153,897,643,5,85377.1
377,153,1846,1971,1,12344.86
378,154,1556,104,1,43791.96
379,154,1664,691,2,18644.03
380,154,1433,1906,2,72165.74
381,154,1883,711,5,67635.53
382,155,66,90,4,57183.84
383,155,898,908,2,105616.05
384,155,579,950,5,79725.22
385,156,1451,1381,3,60833.75
386,156,1522,1871,2,25576.1
387,156,1209,1699,1,10391.39
388,157,590,443,3,95052.96
389,157,1961,25,2,29816.02
390,157,1388,1186,1,68728.02
391,157,1274,714,2,367.32
392,158,878,1038,5,39983.61
393,158,94,1558,3,1414.04
394,159,1284,193,2,17267.8
395,159,1257,690,5,29227.49
396,159,1864,357,5,34128.36
397,160,1863,1405,5,64866.91
398,160,766,94,3,53043.18
399,161,122,835,4,79091.15
400,162,1320,40,4,62099.41
401,163,151,1120,4,25662.66
402,164,539,1834,2,33430.75
403,164,91,1026,3,3970.93
404,164,1594,257,2,27238.47
405,164,1425,1168,3,91540.68
406,165,1766,6,4,86349.33
407,165,461,773,2,66190.69
408,165,43,17,2,31405.5
409,166,1697,1011,2,44482.79
410,166,23,642,3,66474.09
411,166,150,802,2,67317.58
412,167,1101,126,2,60333.01
413,167,522,1173,2,26859.06
414,167,377,454,3,53883.5
415,167,1193,196,1,609.12
416,168,1171,82,4,67335.12
417,169,730,501,1,98926.59
418,170,1046,311,1,62137.59
419,170,519,805,4,82116.92
420,170,498,279,5,35296.93
421,170,29,577,3,41510.38
422,171,685,1140,5,37659.39
423,171,1545,1756,5,86679.51
424,171,1795,180,2,84034.77
425,171,1153,1216,4,16458.53
426,172,96,493,4,62286.19
427,172,473,1807,2,91494.26
428,172,1953,1812,2,91421.78
429,172,1727,725,5,20912.29
430,173,947,51,5,66794.69
431,173,949,1859,4,26184.29
432,173,1823,1641,3,69980.14
433,174,1462,1128,1,56832.0
434,174,1540,884,2,33835.93
435,175,139,1858,5,48011.25
436,175,723,1070,5,89192.77
437,176,1406,750,5,35836.18
438,177,1583,230,5,46869.0
439,178,681,168,5,19722.75
440,178,1127,1166,4,25546.83
441,178,1128,964,2,67698.12
442,179,782,1139,5,25185.16
443,180,1537,1584,3,34531.08
444,181,1096,1237,2,58850.96
445,181,1568,769,5,95921.92
446,181,1656,1042,5,85249.64
447,181,1433,354,5,61601.98
448,182,1775,197,5,38109.71
449,182,110,1480,4,82496.65
450,182,1347,111,2,82753.17
451,183,1100,1898,2,10526.46
452,183,262,1937,2,66169.4
453,183,1281,182,3,86979.78
454,184,1342,270,5,25301.66
455,184,433,136,4,17440.73
456,184,1498,1960,3,92978.32
457,185,1436,1379,2,20699.08
458,185,21,1505,1,30350.63
459,186,104,1920,2,11082.7
460,186,568,269,2,13677.11
461,187,736,1425,1,11766.05
462,187,1742,1471,2,17647.86
463,187,1906,1591,2,19977.74
464,187,261,856,3,55168.23
465,188,520,1398,1,14069.65
466,188,811,1625,5,13264.56
467,188,404,1697,4,90215.16
468,188,6,729,4,61836.25
469,189,1252,1101,2,78745.79
470,190,1401,47,2,78068.68
471,191,852,1399,1,22758.12
472,192,1772,1936,2,53270.49
473,192,1246,1958,5,3884.73
474,192,84,1934,1,44902.32
475,192,1763,1725,5,25024.83
476,193,1270,793,4,26115.36
477,194,1642,1779,2,102545.88
478,195,998,752,4,1414.96
479,195,29,755,4,40402.97
480,195,1027,1859,4,89974.28
481,195,115,1543,1,56470.3
482,196,1905,1049,4,812.77
483,196,314,124,3,52114.79
484,196,173,1595,3,82168.93
485,196,1169,75,4,33456.53
486,197,403,1578,2,82985.82
487,197,1403,1163,4,60928.45
488,197,628,620,5,42889.94
489,197,1239,930,2,29612.62
490,198,790,889,1,14297.92
491,198,276,1984,2,68084.37
492,199,1363,1514,3,42702.61
493,199,282,1137,3,4071.88
494,199,1884,310,1,92887.25
495,199,1698,1742,5,84965.45
496,200,1094,1506,4,87498.21
497,201,1516,1276,4,79709.66
498,202,1484,1859,1,91746.95
499,202,638,1170,4,79891.89
500,203,1147,1649,2,73378.33
501,203,694,1475,3,60313.22
502,204,1821,1366,1,31891.21
503,204,749,484,2,30624.8
504,205,1945,72,2,48957.17
505,205,1670,1447,3,10391.46
506,206,831,547,3,24697.48
507,206,58,1595,4,47659.19
508,206,766,1155,3,54603.94
509,206,1473,1631,4,48328.39
510,207,1479,1847,3,26444.64
511,207,1582,739,2,45003.55
512,207,1931,1156,4,70085.61
513,208,805,1492,5,86856.23
514,208,792,783,1,66449.41
515,208,1908,1856,3,73294.72
516,209,703,758,1,6104.4
517,209,585,1861,1,70215.46
518,210,1041,700,2,100853.56
519,210,180,1221,2,32949.05
520,210,1669,1926,3,54340.99
521,211,619,232,2,44497.18
522,211,1730,1782,3,9479.34
523,211,915,754,5,97934.64
524,211,373,545,2,41068.43
525,212,108,543,5,77489.08
526,212,1368,508,2,21306.63
527,212,1954,1673,1,12115.85
528,213,1815,1472,1,82718.48
529,213,633,846,2,10122.34
530,213,438,938,2,70077.95
531,214,62,1094,1,88896.94
532,215,1884,1909,1,79229.69
533,215,343,1495,5,45866.23
534,215,291,1877,5,14928.26
535,216,429,1671,3,66441.23
536,216,743,361,4,90570.64
537,217,532,1333,4,65336.46
538,217,547,1019,2,8885.24
539,217,1729,336,1,33243.66
540,217,1394,842,3,102403.3
541,218,456,911,4,59570.22
542,218,1854,1183,4,62489.86
543,219,833,959,1,39700.64
544,219,386,1866,1,41169.52
545,219,400,96,3,52422.22
546,220,1910,1900,3,82807.44
547,220,1100,1064,1,10231.97
548,220,129,1886,2,50088.38
549,220,51,1398,2,26306.81
550,221,634,382,3,80040.92
551,222,246,55,5,2662.62
552,222,872,1982,5,93254.57
553,223,1576,1882,2,68892.09
554,224,1013,337,1,17957.62
555,225,775,709,3,65549.65
556,225,1275,1062,4,29135.78
557,226,1231,1321,2,6283.16
558,227,1606,1473,3,26228.68
559,227,505,722,2,41987.45
560,227,705,304,2,88701.36
561,227,262,1420,4,69376.9
562,228,1831,1236,5,85191.51
563,228,1070,589,3,55361.86
564,229,1602,462,2,53932.73
565,229,726,875,1,43534.72
566,230,962,814,1,102703.86
567,231,94,1244,4,1709.35
568,231,1048,248,5,87575.51
569,231,384,1700,2,79996.01
570,231,797,203,1,54048.73
571,232,812,726,5,17503.48
572,232,205,1972,5,16608.99
573,233,1447,1974,4,100461.28
574,233,184,1725,4,48965.42
575,234,1094,1597,4,78029.1
576,234,1761,665,4,21372.59
577,234,529,269,2,70986.64
578,235,1415,291,2,94427.45
579,235,313,1042,1,67858.41
580,236,520,1148,5,13355.16
581,236,316,1671,2,62235.83
582,236,709,1963,3,79033.0
583,237,375,692,2,58997.47
584,237,1682,101,4,76442.45
585,237,1820,1838,4,9313.21
586,237,1266,502,1,53699.17
587,238,1089,114,3,9408.04
588,239,565,13,4,47840.48
589,239,215,470,5,70459.82
590,239,1696,1582,1,39713.52
591,239,484,664,2,39156.36
592,240,451,1587,4,66748.71
593,241,1042,1607,3,68941.56
594,242,1170,1475,4,41348.62
595,242,1697,791,1,37671.08
596,243,1620,741,3,62059.15
597,243,976,149,2,82326.31
598,243,93,1352,1,23004.19
599,244,1476,1160,3,1630.83
600,244,549,557,1,16648.73
601,244,148,1374,1,85733.99
602,244,159,770,5,61316.57
603,245,924,733,2,82942.49
604,245,1121,1646,1,13137.82
605,245,1018,38,3,55990.98
606,246,1366,146,5,88280.54
607,246,31,1017,1,1222.49
608,247,307,630,1,30931.92
609,248,1540,881,5,36781.09
610,248,1468,1090,5,22707.55
611,249,75,972,2,54978.94
612,249,1160,874,4,51292.76
613,249,1956,474,1,9661.67
614,249,1072,1578,2,28015.04
615,250,1383,1965,3,60202.26
616,250,1566,1974,5,71283.16
617,250,58,974,5,42184.73
618,250,943,486,2,41627.0
619,251,416,188,4,84209.78
620,251,237,386,1,107582.25
621,251,1235,1377,5,4319.26
622,252,478,297,1,49512.93
623,252,256,1201,1,79314.78
624,253,1587,715,4,96172.8
625,254,580,935,3,11225.77
626,254,1154,1457,1,50136.9
627,254,1311,862,5,89055.66
628,255,634,1562,4,80730.81
629,255,1116,610,5,37997.19
630,255,1363,922,3,42151.47
631,256,860,1672,2,32285.27
632,257,874,527,3,39114.56
633,257,1415,833,2,82040.71
634,257,70,1432,2,42299.58
635,258,1206,1514,4,14809.88
636,259,1263,904,1,53350.1
637,259,382,1301,5,85499.47
638,259,1972,282,5,51761.55
639,259,952,457,3,66687.94
640,260,1216,17,2,91984.17
641,260,955,226,2,73771.19
642,260,1473,948,4,51799.72
643,261,614,644,5,81898.63
644,261,481,1075,5,27804.53
645,261,161,1722,5,30933.27
646,261,1748,1253,4,58686.52
647,262,848,508,3,89874.99
648,262,1347,1544,3,89527.64
649,262,891,1930,3,47557.55
650,263,1453,150,3,37261.92
651,263,528,811,5,80178.97
652,263,1609,1207,2,76253.57
653,264,1708,1935,3,38416.83
654,264,1446,924,3,23958.55
655,265,1797,36,5,12944.34
656,265,840,1714,5,10744.43
657,265,541,460,1,80367.73
658,266,263,1482,2,59748.71
659,266,1240,1371,5,67672.17
660,266,1481,1808,5,79823.89
661,266,977,1913,3,48448.6
662,267,213,17,5,91128.17
663,267,1982,126,2,33713.17
664,268,1560,618,5,65309.56
665,268,89,588,4,88626.6
666,268,981,968,5,17422.42
667,268,670,1593,2,64539.25
668,269,88,619,3,11894.17
669,270,782,304,5,26493.89
670,270,1903,112,1,12635.05
671,270,132,1510,3,20302.82
672,271,418,1503,4,36370.37
673,272,1771,1219,4,83598.14
674,272,730,1193,3,98701.1
675,272,1083,1720,4,32782.67
676,272,1448,1138,4,69893.05
677,273,1890,1175,5,29108.77
678,274,535,1446,3,86152.02
679,275,532,671,4,71764.31
680,275,1425,174,1,89467.87
681,276,99,608,2,5832.21
682,276,1813,835,2,87497.61
683,276,420,1518,2,18193.67
684,277,400,937,3,44560.31
685,277,635,833,2,6495.65
686,278,617,476,4,3999.65
687,279,1034,1641,4,75867.85
688,279,1519,1107,1,81810.2
689,279,1420,1621,3,32746.31
690,279,1382,1838,2,49927.35
691,280,782,1965,1,25978.74
692,280,1543,1649,1,58149.16
693,280,1194,1992,4,38693.78
694,281,132,386,1,21434.51
695,281,954,1724,3,45117.24
696,281,540,468,5,72478.71
697,282,1940,332,5,34970.21
698,282,97,575,4,77537.4
699,282,335,372,4,98877.29
700,283,408,274,5,34915.62
701,283,412,1278,2,71747.42
702,284,276,677,4,74004.77
703,285,442,419,1,82305.86
704,286,405,837,4,10427.32
705,286,520,1504,1,15294.18
706,287,1605,1671,1,11219.77
707,287,935,875,2,31624.26
708,287,748,1249,5,29754.1
709,287,1911,1667,3,8090.12
710,288,356,570,3,48682.75
711,289,1929,1851,2,4388.37
712,290,1672,482,1,42445.87
713,290,999,1468,2,34368.57
714,290,350,1107,3,36829.14
715,291,187,931,2,104400.75
716,292,600,1805,3,13254.49
717,292,107,1668,4,14577.64
718,293,1353,948,1,47085.64
719,293,1809,976,4,84676.19
720,293,1120,534,4,640.12
721,294,1896,103,4,76543.95
722,294,541,1110,2,79230.68
723,295,316,1289,2,65032.99
724,295,1616,1787,1,15062.54
725,295,1388,649,5,69477.28
726,295,961,1958,5,6950.14
727,296,790,1094,3,16856.09
728,296,808,1874,5,24919.38
729,296,1553,302,2,81784.2
730,297,925,1576,1,75977.21
731,297,1175,205,2,59034.06
732,298,245,1088,4,61140.79
733,299,483,1428,3,48495.5
734,300,1654,103,1,41574.89
735,300,1881,102,4,82835.83
736,300,1522,74,2,25147.38
737,300,1258,722,1,79235.89
738,301,1423,1226,3,56443.78
739,301,727,1838,1,73878.19
740,301,365,354,2,56333.93
741,302,1937,512,2,95912.7
742,302,795,373,2,34343.11
743,302,1533,1756,3,71828.34
744,302,522,232,4,26542.23
745,303,1404,1211,4,103245.96
746,303,1661,394,2,25898.11
747,303,534,4,5,19681.06
748,304,2000,603,3,49513.98
749,304,594,1854,1,11552.05
750,305,1042,678,1,62274.53
751,305,1228,43,2,7907.14
752,305,1189,767,5,22356.93
753,305,1890,1569,5,32857.2
754,306,1254,1569,3,81751.67
755,307,1018,1851,2,59576.53
756,307,528,1300,2,65950.46
757,307,1278,1798,5,85334.62
758,307,1438,849,2,88550.17
759,308,1887,1628,2,65323.32
760,308,1020,735,5,26166.06
761,308,972,857,1,40603.03
762,308,654,716,5,6045.94
763,309,57,756,5,98558.02
764,309,1340,323,2,84745.82
765,310,147,661,4,7986.77
766,311,1212,647,5,12656.16
767,311,651,893,2,4881.6
768,312,1323,353,5,81348.31
769,312,837,1361,2,31016.1
770,313,156,1277,5,36569.92
771,313,687,1370,5,35222.95
772,313,1359,399,2,73190.54
773,313,531,457,5,32794.32
774,314,90,559,5,72940.39
775,315,1443,322,1,1703.22
776,315,1753,172,2,41616.21
777,316,1946,1698,2,70638.9
778,317,1535,1358,1,67591.76
779,317,607,1103,2,104818.78
780,317,1048,1113,4,81931.19
781,318,611,1564,5,63359.31
782,318,1831,670,3,94295.44
783,318,18,120,4,61187.5
784,318,213,626,2,100408.63
785,319,88,1628,4,10727.68
786,320,906,501,3,32194.13
787,320,1308,1590,4,14489.81
788,320,1075,578,4,62200.05
789,320,984,1588,1,96952.1
790,321,446,1349,2,83171.46
791,321,607,289,4,103319.63
792,322,154,375,1,90807.94
793,322,396,131,1,61925.97
794,323,1090,1992,1,78239.06
795,323,445,995,5,16290.63
796,323,1630,1164,1,72251.31
797,324,315,1205,5,12078.98
798,324,1691,1256,3,80103.21
799,324,1558,1079,1,8265.21
800,324,833,1053,2,39694.07
801,325,117,450,4,33363.25
802,326,1511,1410,2,49781.19
803,327,12,713,2,83921.01
804,328,397,387,1,80268.36
805,328,1115,1294,1,37872.88
806,328,812,368,3,17609.84
807,329,1127,4,3,24690.43
808,329,1454,332,4,32171.63
809,330,1352,1157,5,40790.59
810,330,1595,924,4,34741.28
811,331,336,894,2,93709.31
812,331,1685,364,5,62193.37
813,331,937,424,5,25402.27
814,331,1549,790,2,54417.76
815,332,835,1036,3,27686.49
816,332,1844,1809,5,89438.62
817,332,1530,1537,4,40285.85
818,332,171,932,1,71872.01
819,333,1977,2,1,27241.72
820,333,1592,1360,5,15610.3
821,333,223,412,2,60132.89
822,334,204,1108,5,100514.55
823,334,1379,459,3,33934.03
824,335,1510,130,5,11530.08
825,335,1229,1451,1,38866.79
826,335,1492,1835,4,55732.33
827,335,1754,195,1,83396.04
828,336,1691,13,5,79040.9
829,336,1192,1754,3,30080.23
830,336,343,154,5,42060.19
831,337,1959,1881,5,37197.47
832,337,840,722,5,11489.53
833,337,240,1748,5,42016.96
834,337,944,1109,3,47287.09
835,338,365,1467,2,65230.52
836,338,1505,772,3,42485.82
837,338,1384,1684,4,57746.75
838,338,35,1565,2,33726.57
839,339,1178,284,3,87648.4
840,339,1699,631,5,80296.81
841,339,193,1159,2,17844.22
842,340,1234,1375,4,25022.1
843,340,559,19,4,43776.76
844,341,1187,1245,1,28892.64
845,341,1765,1285,4,53047.02
846,342,867,1566,4,47273.65
847,342,1209,812,4,10311.37
848,342,624,8,5,103184.02
849,342,129,937,3,52695.52
850,343,523,1266,5,84503.02
851,343,1146,565,1,8637.5
852,343,721,397,5,56680.75
853,343,1405,1735,3,32028.72
854,344,497,1063,3,29819.98
855,344,592,1502,5,72142.73
856,344,1719,1093,1,50629.05
857,344,939,600,5,66728.87
858,345,594,1623,5,11121.53
859,345,648,1311,5,39192.82
860,345,21,1794,1,32063.53
861,346,243,1818,1,49428.52
862,346,1712,286,4,3829.12
863,347,594,126,1,13220.7
864,347,1133,367,3,29617.99
865,347,1233,518,3,27635.1
866,347,1847,1578,2,28590.57
867,348,1792,1648,1,29858.73
868,348,1364,625,5,80692.18
869,349,537,218,5,11096.26
870,349,1707,1773,2,33039.29
871,349,1751,1896,4,5587.83
872,349,1523,1875,1,82900.82
873,350,95,707,4,94098.52
874,350,1392,826,1,4184.09
875,351,1322,1867,3,62719.23
876,351,417,199,5,49042.72
877,351,36,1158,2,27129.96
878,352,885,107,5,54802.07
879,352,920,1872,1,38092.49
880,352,1167,1088,4,87826.68
881,353,64,232,2,54754.86
882,354,98,473,3,53785.76
883,355,1945,270,5,56246.2
884,355,1985,89,4,38698.09
885,355,517,1363,3,101333.28
886,356,1677,617,1,74333.41
887,356,1878,1613,2,79519.19
888,356,767,1865,3,40400.6
889,356,338,894,4,40738.94
890,357,1574,1752,2,56188.4
891,357,366,17,3,26248.63
892,357,378,1909,3,25858.6
893,357,1923,61,3,26000.38
894,358,1845,591,3,6907.24
895,358,797,457,5,53294.28
896,358,622,350,1,2693.82
897,358,1109,1675,2,2456.1
898,359,13,168,2,26571.17
899,359,1002,1493,3,62634.27
900,359,1701,341,5,37456.45
901,360,808,1349,2,26259.37
902,360,262,1906,1,82814.02
903,361,486,294,4,84555.54
904,361,1891,872,3,92976.76
905,361,1595,1118,2,35478.71
906,361,1311,1139,3,94773.32
907,362,1135,371,5,28361.24
908,362,666,349,3,50695.6
909,362,351,1760,3,86830.56
910,363,1029,672,4,64294.36
911,364,919,137,1,72184.42
912,365,1084,1745,1,93241.77
913,366,530,918,4,7888.49
914,367,472,440,3,4804.89
915,367,1567,610,4,99819.08
916,367,750,1499,3,86949.41
917,367,1308,1617,4,12628.35
918,368,1439,941,2,83516.81
919,368,1651,1736,5,72079.3
920,368,1170,683,2,39631.01
921,369,456,400,1,60758.93
922,370,171,1410,2,71710.72
923,370,1790,1320,5,77051.58
924,370,1613,374,4,54662.12
925,370,141,1051,4,12591.79
926,371,1664,1141,1,16412.62
927,371,1872,357,4,62437.75
928,372,20,1695,5,46586.88
929,372,585,648,1,65633.76
930,373,912,1417,3,16196.66
931,374,1898,1493,2,9828.65
932,374,671,1651,5,10525.32
933,375,730,871,4,87919.15
934,376,1781,180,4,95197.62
935,376,782,776,2,29192.27
936,376,1017,815,5,106459.28
937,377,460,812,2,68534.8
938,377,430,1179,3,84854.04
939,377,1667,1289,4,27689.25
940,378,108,1178,5,81511.36
941,378,1249,1413,1,26592.67
942,378,1204,1091,5,769.92
943,379,467,1856,2,14175.58
944,379,1183,1401,3,45851.53
945,379,35,1443,1,33126.86
946,379,1089,839,5,9144.61
947,380,349,799,3,79170.93
948,380,1333,1054,5,49885.34
949,380,604,1539,5,97314.84
950,381,898,1866,3,105102.48
951,381,350,1823,4,35589.63
952,381,1150,1455,5,81446.9
953,382,1937,1520,1,102820.52
954,382,1062,106,2,10404.36
955,383,1527,1104,5,63306.19
956,383,1196,1357,1,55918.02
957,383,948,613,5,6087.32
958,383,1498,1310,5,100693.56
959,384,1841,1897,3,36423.72
960,384,168,1084,3,41659.21
961,384,947,538,3,79766.93
962,384,30,1618,3,49879.42
963,385,872,1558,2,89398.25
964,385,1017,802,5,86128.21
965,386,1488,1308,1,75596.53
966,386,446,1030,3,98333.44
967,387,1588,168,5,35254.02
968,388,1709,1936,3,2972.85
969,388,1104,1818,1,67600.83
970,388,164,1265,5,98384.85
971,388,564,342,1,15669.65
972,389,759,647,2,75696.72
973,390,1894,453,3,25008.46
974,390,867,1698,3,49300.86
975,390,1199,1103,1,23642.78
976,390,426,952,1,72857.66
977,391,400,809,1,51562.11
978,391,260,249,1,5029.97
979,391,1379,1613,5,27476.1
980,392,1964,1091,2,80336.15
981,392,1757,972,3,35380.34
982,393,716,1482,4,55690.68
983,393,249,121,5,38987.67
984,393,499,1096,1,22653.98
985,394,88,581,3,10377.86
986,395,614,1464,4,80047.65
987,395,435,143,3,85900.2
988,396,422,287,4,68684.01
989,396,777,1414,3,18330.58
990,396,1552,1228,4,90459.52
991,396,824,429,3,24564.23
992,397,1443,15,3,1592.46
993,398,186,598,4,8334.61
994,398,752,177,3,17697.4
995,398,1297,1681,4,75235.6
996,398,1958,999,5,58774.56
997,399,1618,208,4,39582.38
998,399,1797,805,5,10714.42
999,399,237,275,5,106524.68
1000,400,996,1752,2,25916.5
1001,400,373,864,4,41340.28
1002,400,936,703,2,90815.93
1003,400,58,1068,1,41713.83
1004,401,526,1444,4,31005.27
1005,401,141,1830,1,12970.33
1006,401,1674,1427,4,3226.41
1007,402,1300,686,5,84675.45
1008,402,1827,1301,3,44524.31
1009,402,420,544,1,23184.31
1010,403,77,387,5,83031.06
1011,404,1005,17,3,9835.05
1012,404,439,860,2,39718.36
1013,405,540,1298,3,70447.98
1014,406,238,471,5,6316.42
1015,406,1084,433,1,98496.23
1016,406,1547,1178,1,4647.77
1017,406,1186,824,3,85185.01
1018,407,1167,356,2,96300.19
1019,408,1923,931,3,28482.88
1020,408,1257,1546,3,25554.85
1021,408,1043,1448,2,42454.9
1022,409,1102,930,2,26165.21
1023,409,1534,253,4,32903.03
1024,409,1829,403,1,41406.63
1025,410,1651,246,1,83169.42
1026,410,1133,1719,3,31432.26
1027,410,1966,1569,1,14288.22
1028,410,1147,1940,2,68300.06
1029,411,1039,1011,2,504.69
1030,412,1336,1049,2,72695.09
1031,412,1531,440,4,54125.32
1032,412,736,973,4,11024.07
1033,412,1970,515,1,12071.03
1034,413,1240,26,5,72201.99
1035,414,396,1305,4,73439.47
1036,414,1050,382,5,42614.3
1037,414,1692,273,3,10670.07
1038,415,1987,1893,3,55790.54
1039,415,81,1736,2,51949.65
1040,416,1832,1252,1,26753.53
1041,416,175,730,4,35415.83
1042,417,550,1553,3,83531.32
1043,418,1449,1414,4,3926.2
1044,419,205,327,3,15360.43
1045,419,1158,1600,2,100344.84
1046,419,441,1318,1,1961.81
1047,420,1464,1956,2,57621.16
1048,420,1262,568,5,61295.62
1049,420,634,58,5,85574.52
1050,420,203,1143,4,63241.82
1051,421,524,834,2,45832.64
1052,421,1773,765,1,60759.24
1053,421,1912,1725,3,76756.98
1054,421,1177,380,3,34707.51
1055,422,354,205,1,89543.6
1056,422,859,1274,1,43010.98
1057,423,784,204,4,38248.52
1058,423,1077,973,1,56061.78
1059,423,884,818,4,45738.18
1060,424,115,1905,2,62379.36
1061,424,1914,66,5,67971.4
1062,425,801,1644,4,91248.87
1063,425,1830,144,5,26123.7
1064,426,1963,21,3,90835.85
1065,426,1114,1239,3,28003.45
1066,426,1195,197,4,39342.49
1067,426,64,684,5,62450.41
1068,427,1636,945,2,36207.4
1069,428,389,1542,1,42891.47
1070,429,329,224,2,37815.13
1071,429,192,780,5,63510.44
1072,430,1812,1016,2,77629.13
1073,430,155,52,3,68192.45
1074,430,1342,1889,3,25275.49
1075,430,799,1623,1,5037.39
1076,431,1167,343,5,103748.62
1077,432,971,1709,1,91657.34
1078,433,502,297,2,9812.01
1079,433,834,601,2,33038.45
1080,433,111,296,1,42238.27
1081,434,296,702,2,87983.21
1082,435,1547,1955,1,4848.55
1083,435,169,625,4,55815.32
1084,435,291,972,2,15313.45
1085,436,427,1382,2,33731.0
1086,437,647,1891,2,4082.38
1087,437,194,162,4,83582.68
1088,437,461,615,5,60694.54
1089,438,554,707,3,62866.92
1090,438,1942,719,1,56908.59
1091,439,217,1178,1,74390.31
1092,439,218,1905,5,33841.97
1093,440,350,1650,4,37612.22
1094,441,1552,1243,5,97675.27
1095,441,1440,523,4,81430.33
1096,441,585,1621,5,72014.34
1097,441,1501,260,2,10514.09
1098,442,1860,20,5,89426.99
1099,443,935,1047,2,29067.73
1100,443,531,1347,5,34498.07
1101,443,49,1157,1,65245.37
1102,444,598,268,1,25658.63
1103,444,1270,90,1,27885.57
1104,444,1734,1510,5,47951.69
1105,444,1162,1574,2,62418.03
1106,445,1708,1609,3,45773.09
1107,445,405,571,5,9960.5
1108,446,554,81,5,56135.41
1109,446,920,459,5,41022.86
1110,446,1935,841,3,27264.97
1111,446,1947,384,2,83255.46
1112,447,345,136,2,55581.84
1113,448,1406,1775,1,38551.9
1114,448,1923,674,1,28532.76
1115,448,1521,1560,2,43683.2
1116,448,304,43,1,49042.33
1117,449,510,1463,4,49479.86
1118,449,1625,1216,1,75777.41
1119,449,598,7,5,26219.72
1120,449,1524,1574,5,18401.25
1121,450,517,244,4,97694.55
1122,451,1188,1956,1,20306.57
1123,452,1681,285,4,72738.18
1124,452,482,936,5,44556.0
1125,453,1516,796,1,88568.3
1126,453,1468,1502,3,20760.31
1127,453,1266,1726,1,54806.18
1128,453,92,1775,5,62592.1
1129,454,796,104,1,1281.53
1130,454,502,1672,5,9235.2
1131,454,84,1402,2,44723.02
1132,455,1824,199,2,13717.44
1133,456,1904,197,5,3135.28
1134,457,190,1138,3,30151.79
1135,457,1357,676,5,73752.6
1136,457,1238,1175,3,16548.73
1137,458,388,1303,3,48905.47
1138,459,141,744,2,12004.81
1139,460,569,842,1,92303.33
1140,460,846,769,5,1052.57
1141,461,581,1442,3,59988.71
1142,461,1192,885,4,29263.0
1143,461,1824,110,1,10898.6
1144,462,547,1319,1,9252.92
1145,462,1805,1447,5,47964.64
1146,463,1886,1337,2,74170.95
1147,463,283,1222,3,86648.63
1148,464,1969,801,2,69820.45
1149,464,1825,710,5,89637.43
1150,465,537,279,4,10740.27
1151,465,1411,1870,3,74844.2
1152,465,666,395,4,53153.51
1153,465,1854,1948,2,61571.26
1154,466,36,327,5,22438.01
1155,466,18,1581,5,71763.11
1156,466,604,1130,3,82755.73
1157,466,179,238,4,81739.17
1158,467,1611,1996,3,32676.67
1159,467,1294,37,3,10369.54
1160,468,235,952,5,12619.33
1161,468,1810,114,3,77544.69
1162,468,65,49,1,1805.13
1163,468,125,1151,2,20706.26
1164,469,178,1801,2,58483.91
1165,469,61,1852,2,21816.91
1166,469,184,1895,4,39287.98
1167,469,1482,184,2,11197.11
1168,470,1939,767,1,45389.06
1169,470,1091,880,4,47596.91
1170,470,1465,460,3,9786.65
1171,471,1988,1793,3,82120.81
1172,472,901,449,3,47951.25
1173,472,859,1980,1,43907.7
1174,473,682,485,1,29013.88
1175,474,1975,634,4,20790.03
1176,474,1499,532,2,59911.17
1177,475,171,347,2,85513.52
1178,475,1006,1551,1,84502.54
1179,475,840,259,4,12239.19
1180,475,1096,376,4,65401.05
1181,476,1044,803,4,35868.2
1182,477,1915,1604,4,55283.26
1183,477,720,1753,2,72392.74
1184,477,1909,157,5,76686.33
1185,477,1432,1811,4,92650.9
1186,478,1046,1619,5,65790.36
1187,478,1754,957,1,88629.98
1188,478,1730,1185,1,10825.92
1189,478,553,741,1,4537.06
1190,479,1652,1046,3,4179.61
1191,480,618,482,3,77354.78
1192,480,1994,1663,2,77363.22
1193,480,299,630,4,47148.82
1194,480,258,1544,4,35396.98
1195,481,309,178,3,58123.84
1196,482,1728,1539,3,44583.2
1197,482,518,526,5,30566.96
1198,482,1239,36,4,34063.13
1199,482,1512,567,3,16177.49
1200,483,1570,254,1,26986.9
1201,484,1586,165,5,58163.96
1202,484,401,511,1,63922.72
1203,484,1120,879,2,676.79
1204,484,1128,691,5,69099.88
1205,485,1483,1082,5,89852.22
1206,485,133,1642,4,22569.56
1207,486,830,38,3,31473.45
1208,486,532,1673,1,83227.94
1209,486,1774,373,1,68205.59
1210,486,1586,1799,3,60857.54
1211,487,169,382,2,56684.28
1212,487,1643,243,4,16580.26
1213,487,1488,1252,5,80077.22
1214,488,1018,206,5,59384.95
1215,488,292,120,2,45064.07
1216,489,216,915,5,94727.36
1217,489,1218,1276,5,52498.03
1218,490,165,184,3,75036.49
1219,491,430,610,4,83362.85
1220,492,220,1413,4,32087.02
1221,492,1537,1208,4,33289.39
1222,493,94,1812,4,1748.61
1223,493,1599,319,3,10169.24
1224,493,1535,1264,1,67764.87
1225,493,215,530,1,64499.7
1226,494,1732,1683,5,5946.54
1227,494,1303,747,1,82167.47
1228,494,956,158,2,37484.15
1229,495,458,340,1,7491.91
1230,495,692,1890,2,6661.23
1231,495,1086,1385,4,97115.75
1232,496,966,282,4,72530.13
1233,497,1465,465,4,9259.08
1234,498,217,1414,5,70218.47
1235,498,874,1261,4,49857.84
1236,498,57,317,2,102586.93
1237,498,1132,1387,5,25526.66
1238,499,515,248,5,3809.09
1239,499,986,694,2,35259.82
1240,499,1005,1799,4,10992.56
1241,499,1587,218,1,81875.8
1242,500,1121,1481,5,11749.95
1243,500,31,721,4,1475.29
1244,500,1380,1026,1,83139.55
1245,501,1371,398,2,49002.93
1246,501,1778,810,2,81773.89
1247,501,601,1689,1,74641.91
1248,502,1617,788,5,14601.21
1249,503,1130,532,4,53230.05
1250,503,722,41,4,70667.85
1251,503,1735,1398,3,80044.83
1252,503,934,1270,1,4178.31
1253,504,1428,1798,2,18586.51
1254,504,1534,113,1,38044.61
1255,504,1925,1833,3,29989.09
1256,505,149,20,2,75307.73
1257,505,10,96,5,6592.46
1258,505,984,1829,2,89340.04
1259,505,1901,434,1,94401.37
1260,506,1184,591,5,52819.38
1261,506,281,1031,1,1878.87
1262,507,618,1870,1,75078.01
1263,508,1668,32,3,60414.85
1264,509,302,207,3,12353.77
1265,510,976,1654,5,83320.62
1266,510,1474,1431,3,29366.37
1267,510,747,1627,2,25360.17
1268,510,1564,1778,5,11393.18
1269,511,635,186,1,5450.07
1270,511,1127,35,1,26734.75
1271,512,1868,532,2,75563.45
1272,512,1022,1680,5,61391.72
1273,512,862,1753,1,30450.29
1274,513,1131,658,1,60881.37
1275,513,691,1578,1,34413.27
1276,514,675,480,5,38002.59
1277,514,1654,1153,4,42138.75
1278,514,202,700,3,87491.04
1279,514,275,771,1,18091.23
1280,515,330,39,2,14267.11
1281,515,466,600,4,31592.48
1282,515,1504,1726,3,40883.58
1283,515,786,866,4,33159.28
1284,516,734,133,4,15068.55
1285,517,417,950,1,50390.26
1286,517,126,1650,3,64146.02
1287,517,1694,985,5,27325.53
1288,517,1025,1542,2,9570.75
1289,518,444,201,4,37387.11
1290,519,1086,1590,2,106179.22
1291,519,33,608,1,10512.25
1292,520,1446,371,4,22791.79
1293,520,941,1153,2,91260.67
1294,520,1376,1579,4,5100.72
1295,521,303,1137,5,49426.6
1296,521,1830,94,4,26514.32
1297,521,924,514,2,81746.06
1298,521,381,1337,4,15254.62
1299,522,980,139,2,8011.44
1300,522,1937,427,5,105833.17
1301,523,975,734,5,67193.34
1302,523,856,1830,5,20224.68
1303,523,1417,1033,4,11109.54
1304,523,284,833,1,49332.72
1305,524,1212,118,3,13914.2
1306,524,1392,1593,2,3835.64
1307,524,479,711,1,5630.84
1308,524,362,1933,5,35178.9
1309,525,410,172,3,36391.42
1310,525,1184,921,4,54014.29
1311,525,857,1591,1,34908.65
1312,525,1521,1397,3,48941.6
1313,526,1509,971,5,1209.6
1314,527,1024,522,2,6034.98
1315,527,1456,158,5,42605.93
1316,527,695,57,2,26213.55
1317,527,706,1080,3,51964.05
1318,528,977,1762,4,57444.33
1319,528,431,267,4,41477.43
1320,529,123,361,2,54134.34
1321,529,1447,302,4,86553.28
1322,530,1712,952,3,4510.71
1323,531,873,1008,1,19828.65
1324,531,1243,118,3,21324.85
1325,531,248,1809,5,11873.96
1326,531,1984,592,3,48023.41
1327,532,1182,768,2,19145.31
1328,532,1134,1712,4,65649.35
1329,532,477,17,2,73453.07
1330,532,67,1652,2,59660.78
1331,533,1530,1969,5,47242.39
1332,533,847,29,1,90427.88
1333,534,378,551,4,28480.09
1334,534,1390,125,4,44256.06
1335,534,815,1779,1,82278.8
1336,535,1888,443,1,14624.72
1337,536,913,1595,1,72686.49
1338,536,1817,1404,1,17822.79
1339,537,1195,379,4,45732.23
1340,537,407,376,3,53028.67
1341,537,428,772,5,41162.28
1342,538,1768,1656,4,3339.1
1343,539,1603,495,5,44232.78
1344,539,909,456,5,12182.43
1345,539,888,815,3,31850.12
1346,540,1805,1262,5,46933.9
1347,540,717,1127,3,549.18
1348,541,1512,461,2,15454.01
1349,541,1239,324,4,30038.05
1350,542,328,1833,5,43896.77
1351,543,456,612,5,65200.11
1352,543,713,122,2,29026.89
1353,543,1336,1472,4,67774.0
1354,543,98,1323,3,52604.28
1355,544,1768,623,3,4105.72
1356,544,341,1205,4,65625.28
1357,544,1133,1534,5,28406.02
1358,544,1320,928,1,61074.73
1359,545,618,1533,4,79706.26
1360,545,1672,1544,4,49835.94
1361,545,6,45,2,49499.47
1362,545,858,21,1,30426.84
1363,546,1219,340,2,64490.32
1364,546,96,1852,3,63901.74
1365,547,1807,1270,1,49067.6
1366,547,1667,1111,5,32618.26
1367,547,488,1198,2,52204.03
1368,548,714,395,2,30918.21
1369,548,1961,14,2,26569.44
1370,549,84,316,3,52773.16
1371,550,705,122,1,100377.79
1372,550,1748,1494,2,68715.73
1373,550,1994,581,3,87558.72
1374,551,463,1752,4,5374.05
1375,552,1424,1278,2,66577.03
1376,552,1605,503,2,12499.19
1377,552,427,604,2,33496.58
1378,553,1213,271,1,13463.3
1379,553,874,55,3,45168.04
1380,554,251,1704,3,103228.27
1381,554,259,186,2,38777.44
1382,555,910,1598,3,17875.52
1383,556,642,1232,5,62878.48
1384,556,1859,116,1,28190.18
1385,556,1792,1981,4,30431.98
1386,556,1253,155,4,86373.63
1387,557,570,1857,1,75335.29
1388,557,328,1220,3,50423.43
1389,557,135,1160,2,8105.74
1390,558,1275,1201,2,29174.9
1391,558,1632,915,1,11747.43
1392,558,201,205,4,14149.4
1393,559,263,1948,3,52738.5
1394,559,1934,310,5,60305.96
1395,559,868,817,3,60502.6
1396,559,1751,1838,2,5471.65
1397,560,247,469,1,22481.82
1398,560,919,1215,2,78441.77
1399,560,1657,1801,5,102586.94
1400,560,1570,646,2,24334.35
1401,561,341,217,1,67220.04
1402,561,1445,472,3,74381.28
1403,562,193,1475,2,16685.6
1404,562,555,1311,1,90593.48
1405,562,430,1365,1,77508.92
1406,563,994,1307,2,57813.45
1407,563,1879,1240,2,38074.15
1408,563,1211,1519,3,34743.02
1409,563,945,315,1,22837.8
1410,564,1451,521,3,61683.68
1411,564,1677,1106,1,78521.91
1412,565,620,1581,5,20900.51
1413,566,884,1010,4,47246.86
1414,567,1970,1804,2,13815.63
1415,567,428,1207,5,49820.97
1416,568,726,1265,1,39731.45
1417,568,196,957,5,49514.49
1418,568,734,1967,4,15813.81
1419,568,1788,1810,5,46289.35
1420,569,1506,394,5,18918.5
1421,569,1080,1587,3,84881.48
1422,569,1087,1456,4,6510.51
1423,570,37,1041,3,43882.48
1424,570,1515,257,5,22760.89
1425,571,625,1766,3,87074.9
1426,571,1893,165,5,53558.38
1427,571,444,1138,2,35924.67
1428,572,18,1093,2,61902.83
1429,572,1547,1630,4,4343.0
1430,572,218,1809,3,32701.11
1431,573,387,1804,2,19575.35
1432,573,1207,186,2,94464.97
1433,573,1558,504,3,7113.67
1434,573,516,1167,5,60513.83
1435,574,1614,28,5,75849.31
1436,575,808,909,1,21352.91
1437,575,349,817,1,70100.87
1438,575,1703,1702,3,18225.34
1439,575,1421,108,5,20141.79
1440,576,380,978,3,52936.49
1441,576,137,39,2,21851.33
1442,577,1511,1558,1,48189.28
1443,578,760,412,5,58254.76
1444,578,1563,276,2,20852.0
1445,579,192,456,4,78476.47
1446,579,178,1424,1,62047.16
1447,579,1945,44,5,49886.57
1448,579,1213,996,1,11892.29
1449,580,820,1404,4,17885.16
1450,580,228,113,4,16369.18
1451,580,1892,1783,2,28312.86
1452,581,1452,1461,3,18017.9
1453,581,1077,1173,3,57308.96
1454,582,410,868,1,35011.89
1455,582,556,872,2,4143.85
1456,583,422,1777,2,82655.0
1457,584,26,1317,5,5141.51
1458,585,1977,892,3,26842.14
1459,586,1466,797,3,58287.75
1460,586,204,1674,3,85556.05
1461,587,942,951,4,7038.29
1462,587,366,796,5,27158.98
1463,588,1832,865,2,27180.88
1464,588,1882,1238,3,88976.66
1465,588,1541,1997,1,55708.88
1466,588,65,1803,4,2179.9
1467,589,672,1048,5,92427.64
1468,589,1758,178,4,58647.45
1469,589,697,1157,2,7656.67
1470,589,205,1429,2,14016.1
1471,590,588,449,4,76373.28
1472,590,1148,1581,3,28751.48
1473,591,345,878,3,64798.31
1474,591,449,1027,4,22447.67
1475,591,551,919,5,89465.35
1476,591,708,23,2,28382.51
1477,592,1583,1527,2,46160.08
1478,592,1098,1559,2,88398.98
1479,592,758,1163,1,86836.46
1480,593,355,1504,3,10063.46
1481,593,406,25,1,44010.41
1482,593,1057,466,5,9857.92
1483,593,889,1282,3,38069.68
1484,594,358,1488,3,24357.72
1485,594,188,1598,5,16656.84
1486,594,801,1711,1,88151.69
1487,595,977,160,3,56369.83
1488,595,1093,103,3,87244.96
1489,596,1510,934,5,12955.59
1490,596,193,1071,3,17521.88
1491,596,602,937,1,39344.8
1492,596,455,769,1,3026.22
1493,597,1727,720,4,21319.68
1494,597,1335,849,4,46603.72
1495,597,1973,1796,4,2296.05
1496,597,1754,828,5,94350.99
1497,598,754,1350,3,51493.9
1498,599,1064,764,5,77241.68
1499,600,1922,123,2,84026.02
1500,601,1182,226,1,18426.58
1501,601,1727,631,3,20063.74
1502,602,1331,789,1,12909.18
1503,602,1723,484,3,54974.89
1504,602,1716,1807,4,30051.93
1505,602,1152,1843,1,34452.75
1506,603,910,1874,4,17189.95
1507,603,547,504,2,7531.92
1508,604,1321,46,4,84740.27
1509,604,902,1621,1,7406.35
1510,604,1364,278,2,84446.53
1511,604,433,862,4,17097.47
1512,605,1867,1590,1,23212.12
1513,605,1177,1580,5,39161.68
1514,605,1316,1326,5,34646.97
1515,605,576,447,5,103920.47
1516,606,794,965,2,80212.27
1517,607,624,1666,2,101075.08
1518,607,1393,1421,5,25677.16
1519,608,819,645,3,84050.41
1520,608,50,1729,3,88970.25
1521,608,1520,285,1,47915.5
1522,608,1729,121,3,32889.5
1523,609,1567,1771,4,95356.93
1524,609,1434,907,1,79081.62
1525,609,160,422,2,100677.27
1526,609,1117,1562,1,6254.06
1527,610,1184,1971,1,48093.72
1528,610,1907,1933,5,72920.02
1529,611,1379,1161,5,34192.84
1530,612,246,1439,3,3140.77
1531,612,1151,1576,2,1234.43
1532,612,316,478,4,60701.93
1533,612,858,1511,1,30187.79
1534,613,1251,830,5,11958.76
1535,613,538,62,2,47483.48
1536,613,352,1212,5,5959.44
1537,614,1992,179,2,6624.17
1538,614,1811,620,5,77521.78
1539,615,579,735,5,80930.99
1540,616,921,368,1,9358.81
1541,616,55,1679,5,74628.24
1542,616,780,5,3,28586.86
1543,616,1227,1244,5,38067.91
1544,617,476,1050,3,44330.4
1545,617,1150,503,1,89026.5
1546,617,1869,1604,1,58599.88
1547,618,849,966,5,50380.21
1548,619,792,1299,4,75520.12
1549,620,1359,234,3,76015.62
1550,620,455,1081,5,3272.98
1551,620,1389,1554,1,67368.69
1552,621,1808,1887,2,3573.64
1553,621,1582,1340,5,40975.05
1554,621,1190,4,2,101493.29
1555,622,235,975,1,15317.83
1556,623,845,612,1,96002.65
1557,623,1292,99,2,12457.02
1558,624,1061,1312,1,77935.15
1559,625,308,1938,4,67911.28
1560,625,1083,1334,3,31799.16
1561,625,340,1726,5,45878.19
1562,625,1231,1939,1,6417.34
1563,626,938,302,5,95878.22
1564,627,1949,1314,4,49033.7
1565,627,1158,182,1,90376.11
1566,627,377,5,4,62635.77
1567,628,1473,1229,4,54140.99
1568,629,1639,832,4,87193.4
1569,629,968,1142,1,17497.34
1570,630,492,1280,1,65743.92
1571,631,1890,399,3,29609.23
1572,631,863,448,3,96911.19
1573,632,1291,519,3,75649.13
1574,632,1334,1394,4,41478.57
1575,632,377,167,2,49260.94
1576,632,1315,1529,3,8223.9
1577,633,611,1347,3,65258.69
1578,633,333,1222,1,66036.76
1579,634,1960,940,3,76481.31
1580,634,457,375,5,62888.92
1581,635,830,1443,1,27050.32
1582,635,1686,772,4,73505.54
1583,635,1672,1881,3,42745.11
1584,635,1899,652,2,12765.64
1585,636,87,456,4,72037.73
1586,636,721,1544,1,55303.92
1587,636,727,1670,4,79489.86
1588,637,1392,498,4,4430.27
1589,637,34,558,5,94353.93
1590,637,1989,244,3,60027.29
1591,638,1021,567,4,26506.17
1592,638,510,405,2,46621.37
1593,638,1061,79,4,76903.31
1594,638,757,950,5,85803.73
1595,639,582,764,5,92172.71
1596,639,1199,1673,4,24856.33
1597,639,151,1752,2,22033.47
1598,639,265,104,3,8752.67
1599,640,378,1155,5,23765.67
1600,640,340,787,4,46763.51
1601,640,1969,1980,4,88424.99
1602,640,842,1166,5,64334.19
1603,641,1828,773,5,69995.17
1604,641,707,1861,5,4806.26
1605,642,1205,1510,5,11780.66
1606,642,1874,1504,5,11175.24
1607,643,1540,978,4,38255.27
1608,643,1133,951,4,28987.93
1609,643,1505,384,3,44772.31
1610,644,26,522,5,5020.23
1611,644,617,1072,3,4175.61
1612,644,249,1666,2,36556.81
1613,644,506,410,5,63618.27
1614,645,1999,1228,1,28721.05
1615,645,1566,259,4,61773.55
1616,646,1837,137,3,53680.26
1617,647,1905,1264,1,941.22
1618,647,817,625,2,92829.88
1619,647,301,1784,3,22290.89
1620,647,1721,1156,1,83535.13
1621,648,35,419,5,35407.1
1622,649,659,1728,5,73739.04
1623,649,312,68,5,1479.79
1624,649,1846,891,3,15321.05
1625,649,1302,786,3,18146.54
1626,650,608,24,3,6366.93
1627,650,1861,1453,2,69060.21
1628,651,479,1704,2,4726.66
1629,651,690,1910,4,104280.9
1630,652,1247,1275,3,19252.31
1631,652,1931,1271,4,56263.21
1632,652,1640,1921,5,28945.5
1633,652,210,1695,5,40420.57
1634,653,1330,1756,3,65972.16
1635,654,1801,175,4,28351.43
1636,654,9,504,1,69996.62
1637,655,838,882,5,78668.74
1638,655,206,984,2,103295.4
1639,655,1918,1335,3,46161.09
1640,655,1078,14,3,26712.0
1641,656,1006,1456,2,75715.85
1642,656,528,1976,1,75151.96
1643,656,247,988,5,24537.1
1644,657,199,1004,4,71001.03
1645,657,27,348,1,5299.81
1646,657,107,1988,3,11692.77
1647,657,1017,859,1,102169.27
1648,658,1979,301,3,39985.63
1649,658,93,1525,5,24404.19
1650,659,1210,407,5,77706.02
1651,660,942,389,3,7165.35
1652,660,83,1660,3,20695.19
1653,661,564,587,5,16336.49
1654,661,1734,1597,3,43083.72
1655,661,919,53,4,80179.68
1656,662,1774,646,1,82800.7
1657,662,264,1813,1,27917.12
1658,662,1587,964,4,85059.61
1659,662,462,1593,5,6499.95
1660,663,1290,1142,3,14359.14
1661,663,70,1424,2,47663.22
1662,663,1882,341,5,99241.83
1663,663,1410,161,3,58278.76
1664,664,1990,76,5,62599.46
1665,664,524,1144,3,49996.6
1666,665,710,162,1,81722.79
1667,665,1116,1711,4,36148.06
1668,665,1520,1472,5,44380.54
1669,666,510,240,4,44259.62
1670,666,1234,1008,4,21136.23
1671,666,1365,584,1,31359.64
1672,667,1469,638,3,12477.22
1673,668,1106,566,1,30393.81
1674,669,1238,1615,5,16546.54
1675,669,1891,167,5,80883.91
1676,670,1206,807,2,14106.22
1677,670,784,1513,1,38496.47
1678,671,1875,1136,4,75906.04
1679,671,1681,571,1,81998.84
1680,671,1115,1094,5,34679.84
1681,672,659,693,1,83280.13
1682,672,323,783,3,101026.37
1683,672,1246,1453,5,3872.36
1684,672,1430,418,2,7991.65
1685,673,271,389,5,45882.98
1686,673,410,615,3,38702.88
1687,673,114,1031,5,100856.93
1688,673,1910,1561,4,86406.01
1689,674,1985,85,1,39849.26
1690,674,88,1260,1,11816.71
1691,674,1222,1481,3,21328.86
1692,674,345,162,1,55587.87
1693,675,1661,776,1,21870.87
1694,675,799,1101,3,4527.5
1695,676,703,334,4,5647.57
1696,677,229,1217,4,33236.32
1697,678,1636,301,1,33486.02
1698,678,1401,1231,4,72511.4
1699,678,1377,975,4,1137.15
1700,678,326,745,3,21470.69
1701,679,1769,1090,2,70286.98
1702,680,164,1538,1,90060.55
1703,680,909,1528,1,14987.53
1704,681,1494,558,4,20117.48
1705,681,500,996,4,35678.76
1706,681,1181,271,4,54426.31
1707,682,1440,770,1,77463.78
1708,682,1555,2000,1,29957.35
1709,682,1181,788,1,62941.32
1710,683,34,996,5,102970.6
1711,683,266,13,2,88684.3
1712,683,766,1059,4,48289.03
1713,684,806,485,1,62215.36
1714,685,889,18,3,33777.04
1715,685,1699,1497,5,88103.44
1716,686,1326,1297,4,10533.07
1717,687,1278,1117,5,72550.18
1718,688,1202,1214,1,108545.84
1719,688,90,121,2,74880.71
1720,689,748,48,5,29078.56
1721,689,278,324,2,71748.03
1722,690,1551,1426,5,1863.62
1723,690,760,1757,1,57606.74
1724,690,1165,1689,2,77342.87
1725,690,958,86,1,80650.58
1726,691,89,950,3,101476.48
1727,691,273,1941,4,37872.59
1728,691,1768,1355,3,3430.91
1729,691,1981,560,5,52697.57
1730,692,654,586,5,7571.3
1731,693,1421,675,2,20958.36
1732,693,585,255,5,60381.4
1733,693,1896,1150,1,83844.71
1734,694,713,433,3,29410.24
1735,694,1289,1732,3,67452.8
1736,694,718,816,4,36842.97
1737,694,1085,344,5,35517.06
1738,695,306,1263,4,28434.21
1739,695,253,1433,4,82080.15
1740,695,1011,481,4,64233.79
1741,696,1722,867,1,36337.13
1742,696,286,607,4,80480.53
1743,696,635,316,4,6889.25
1744,696,1110,832,1,24290.97
1745,697,1638,1033,3,82724.44
1746,697,129,767,2,52629.66
1747,697,750,139,4,89877.26
1748,698,867,1018,1,44203.9
1749,699,711,1079,4,87798.27
1750,700,265,619,1,8809.28
1751,700,368,1210,3,57960.13
1752,700,524,1162,3,44211.85
1753,701,1984,749,2,39635.47
1754,701,542,1663,3,14006.29
1755,701,1499,1880,4,63646.74
1756,701,1527,654,4,54930.11
1757,702,1554,1317,5,90436.66
1758,703,891,616,4,45669.25
1759,703,1976,880,3,74364.44
1760,703,1523,253,5,87417.32
1761,703,1919,1805,3,19745.53
1762,704,541,943,4,79434.26
1763,704,1285,15,3,37790.69
1764,704,1374,101,2,26424.95
1765,704,1146,1528,4,8427.12
1766,705,1111,544,2,84551.7
1767,706,1155,381,2,45379.09
1768,707,886,445,2,49013.95
1769,707,1002,295,5,70951.23
1770,707,496,436,2,41079.94
1771,708,593,1779,5,69986.44
1772,708,531,660,2,32816.41
1773,708,82,1671,4,79742.83
1774,708,382,1835,4,79714.92
1775,709,529,900,4,84921.67
1776,709,339,1274,2,50511.11
1777,710,1335,280,2,53923.3
1778,710,289,45,5,12862.51
1779,710,96,1411,1,53017.89
1780,711,467,1636,2,13115.95
1781,711,1559,601,2,55368.07
1782,712,1014,1239,5,44330.98
1783,712,1352,1822,5,40162.02
1784,712,145,1378,4,73691.21
1785,713,1766,1726,3,90771.73
1786,713,173,260,4,76774.85
1787,713,673,1897,4,22973.36
1788,714,414,1129,2,22420.55
1789,715,1468,1705,4,23500.53
1790,716,438,317,2,83460.75
1791,716,1380,886,2,105024.89
1792,717,921,418,1,8886.41
1793,717,958,1487,5,82185.35
1794,717,957,70,4,86187.85
1795,717,448,612,4,70930.45
1796,718,8,108,2,15979.37
1797,718,425,71,3,88014.67
1798,718,1144,348,5,96849.21
1799,718,741,624,2,94508.06
1800,719,1491,1688,1,3005.26
1801,720,1491,1839,4,2730.0
1802,720,110,1384,4,89692.17
1803,720,271,1554,3,40870.23
1804,721,929,1166,1,12996.24
1805,721,861,881,2,58579.1
1806,721,283,82,2,81460.25
1807,721,761,391,5,93116.49
1808,722,1300,1659,4,84890.42
1809,722,1735,1630,3,100356.19
1810,722,1626,1493,1,28171.29
1811,723,548,1323,5,42858.09
1812,723,646,1071,2,12278.19
1813,723,1219,1432,5,63064.11
1814,723,995,1534,5,73971.36
1815,724,1725,159,3,58513.01
1816,724,1226,1447,5,3854.01
1817,724,1618,1207,5,46002.86
1818,725,30,1224,2,42128.04
1819,725,1776,854,4,10844.16
1820,725,578,262,2,85837.05
1821,726,1830,268,1,24710.37
1822,726,781,1123,5,15297.68
1823,726,208,1804,5,21736.03
1824,727,1353,1776,1,41498.24
1825,728,1152,467,3,32443.17
1826,728,1911,1434,1,7942.31
1827,728,696,923,4,31680.38
1828,729,282,396,5,4855.5
1829,729,1863,1441,3,75247.42
1830,730,354,1903,2,85160.14
1831,730,1694,1465,4,25781.18
1832,730,1822,1426,4,53375.41
1833,731,1862,264,2,43979.45
1834,731,1977,1317,5,30725.29
1835,732,676,1347,5,94254.32
1836,733,139,102,4,47000.16
1837,733,795,1498,2,41132.94
1838,733,1070,524,5,52622.57
1839,734,627,1228,5,49171.6
1840,734,958,1984,3,76002.6
1841,734,1532,1543,3,39104.21
1842,734,1178,1407,4,91641.44
1843,735,395,495,1,95848.37
1844,735,1810,1758,4,72026.33
1845,735,1390,809,1,38697.41
1846,735,1110,1113,1,27337.4
1847,736,855,787,4,37966.8
1848,736,172,203,4,68522.78
1849,737,1501,1038,4,11840.66
1850,737,921,677,4,9472.0
1851,737,1402,1071,4,91773.96
1852,738,1820,205,2,7981.62
1853,738,1011,883,3,62458.04
1854,738,722,108,4,66006.86
1855,739,1068,850,5,90161.42
1856,739,1612,597,1,68986.53
1857,739,1658,850,4,13543.18
1858,740,219,1827,3,95924.23
1859,740,316,533,1,72517.38
1860,740,359,1206,5,57000.71
1861,741,11,1737,2,51656.2
1862,741,295,833,5,99160.59
1863,741,1642,35,5,98685.14
1864,742,1681,86,1,77809.37
1865,742,963,1963,2,89339.45
1866,742,1777,94,5,32644.47
1867,743,316,1050,4,60185.87
1868,743,1877,93,3,102244.39
1869,743,435,1108,5,81998.77
1870,744,63,1592,3,10892.42
1871,744,1247,436,3,19783.74
1872,745,1196,1578,4,53505.97
1873,746,1222,1883,5,21388.8
1874,746,993,277,3,22780.23
1875,746,1778,314,5,84217.67
1876,746,1730,430,3,10156.2
1877,747,1079,651,1,94782.02
1878,747,27,725,4,5647.29
1879,747,612,1008,3,1083.41
1880,748,1174,660,4,81685.18
1881,749,1174,1387,1,86700.29
1882,749,515,1198,5,3647.32
1883,750,3,514,3,60717.79
1884,750,346,1786,1,33803.85
1885,750,1469,1986,1,10910.54
1886,750,1264,1087,5,610.67
1887,751,681,575,5,19542.18
1888,751,1067,36,4,5723.6
1889,752,315,198,5,12532.74
1890,752,84,1362,4,47445.39
1891,752,466,1091,4,29327.7
1892,753,1958,1345,3,56820.12
1893,753,1943,1842,4,3195.9
1894,753,233,1862,5,82851.87
1895,754,8,1070,2,17927.48
1896,754,1026,656,5,40270.29
1897,755,218,326,2,34396.68
1898,755,1169,451,2,33500.69
1899,755,861,880,1,70986.05
1900,756,1480,1468,5,64120.42
1901,756,1124,340,4,93585.8
1902,756,772,985,3,49249.21
1903,757,203,909,2,73015.12
1904,757,1740,787,4,66501.33
1905,758,1346,1316,1,62551.95
1906,758,1980,1663,5,24188.83
1907,759,960,1108,5,16431.76
1908,760,1816,1687,3,44853.2
1909,760,782,1154,3,27889.52
1910,761,1912,861,2,66545.46
1911,762,1485,971,1,42210.64
1912,762,296,1030,5,83414.51
1913,762,451,311,2,67747.45
1914,762,1339,1392,5,5310.07
1915,763,648,1638,5,37529.43
1916,763,1688,918,1,57292.09
1917,763,559,1131,3,44535.74
1918,763,1788,915,5,46158.14
1919,764,145,912,4,76949.79
1920,764,1285,643,2,36927.76
1921,764,1621,159,5,95523.93
1922,765,1727,927,2,22522.93
1923,766,723,1195,1,76993.97
1924,767,1143,1190,3,39659.62
1925,768,344,431,5,35957.25
1926,768,830,1049,4,28244.26
1927,768,1694,1076,1,26494.47
1928,768,1127,1966,1,25515.48
1929,769,163,818,1,14632.16
1930,769,310,1917,5,16316.38
1931,769,488,1741,3,60456.43
1932,769,1216,1121,5,85435.96
1933,770,1736,202,5,72851.77
1934,770,1343,1671,1,75662.13
1935,770,1606,1001,1,25922.61
1936,770,1562,795,5,80573.78
1937,771,97,932,5,72242.13
1938,772,1597,295,4,39347.39
1939,772,301,1830,2,19554.18
1940,772,1208,1855,5,96334.91
1941,772,1137,1740,4,38888.34
1942,773,1887,648,1,70107.04
1943,773,95,672,4,88471.76
1944,773,497,848,5,34588.54
1945,773,1462,1772,2,69776.34
1946,774,693,1415,4,54122.87
1947,774,726,998,4,40513.58
1948,775,1569,350,2,4366.21
1949,776,697,1396,3,8230.08
1950,776,1295,1854,1,68320.42
1951,776,88,1319,1,11768.57
1952,777,1058,1456,3,79879.38
1953,777,561,638,3,97425.33
1954,778,215,157,3,56109.8
1955,778,1991,1819,4,43986.03
1956,779,1542,313,2,78452.29
1957,780,1743,821,5,39605.63
1958,780,101,234,3,32783.81
1959,780,407,806,5,49158.17
1960,781,1194,1309,4,43131.46
1961,782,1266,1790,2,45837.37
1962,782,915,1994,3,93849.6
1963,782,1102,1286,3,23153.6
1964,782,110,1050,3,84832.97
1965,783,1177,1874,2,42895.56
1966,783,1660,867,4,23990.41
1967,783,601,1668,1,68256.0
1968,783,51,447,2,25565.72
1969,784,448,1356,2,88316.66
1970,784,1554,728,5,97328.86
1971,784,1022,750,4,60206.78
1972,784,1037,329,5,48811.34
1973,785,1357,479,1,81406.3
1974,785,900,1970,5,47168.98
1975,786,1456,280,5,43907.66
1976,786,78,679,5,16792.92
1977,787,1316,465,2,32332.98
1978,787,336,186,4,93637.6
1979,787,1683,1509,3,23556.45
1980,788,1284,1101,2,15665.47
1981,788,1514,1633,4,45955.81
1982,788,521,956,2,77868.36
1983,789,1734,797,2,45670.63
1984,789,965,708,5,22336.38
1985,789,1453,581,1,40137.29
1986,789,522,998,3,30732.52
1987,790,870,131,4,2891.22
1988,791,1943,331,2,2685.45
1989,792,829,1157,5,47862.39
1990,793,1826,1614,3,49135.84
1991,793,203,1368,4,67437.38
1992,793,467,1822,1,13748.82
1993,794,1674,1422,4,3116.84
1994,794,1152,590,1,39277.52
1995,794,417,264,5,56401.09
1996,795,1098,592,2,101204.3
1997,795,830,1579,1,31215.28
1998,796,1970,1986,1,13209.46
1999,796,1747,1323,5,75877.0
2000,796,1300,1678,2,69699.01
2001,796,713,1825,2,26180.57
2002,797,942,774,4,6614.05
2003,797,253,1951,1,73863.41
2004,797,1229,642,4,44066.75
2005,797,1529,570,2,39502.34
2006,798,276,1625,2,65810.62
2007,799,551,1206,5,73957.54
2008,799,1257,1843,2,30017.73
2009,800,1135,1000,3,28002.97
2010,800,453,34,1,96394.58
2011,800,1825,927,5,72595.87
2012,800,863,307,3,84760.24
2013,801,247,1264,2,23847.3
2014,801,562,1592,3,53969.24
2015,801,602,623,4,44649.11
2016,801,56,890,3,29558.12
2017,802,1667,786,2,29410.37
2018,802,108,263,4,70382.41
2019,802,226,1163,5,20498.59
2020,802,1126,731,4,45533.41
2021,803,730,324,2,95220.67
2022,803,1194,899,4,42853.88
2023,803,1553,539,1,77851.51
2024,804,54,444,5,24091.35
2025,805,1522,686,3,21784.23
2026,805,1642,1479,2,100013.66
2027,806,1597,1400,3,42549.56
2028,806,591,818,4,62735.31
2029,806,1896,1093,5,73875.6
2030,807,616,961,2,84502.54
2031,808,518,1895,3,26845.01
2032,809,766,1407,4,51705.7
2033,810,305,191,1,51067.69
2034,810,733,1601,5,10871.29
2035,811,1208,131,2,101364.04
2036,811,1688,17,3,48044.31
2037,811,649,660,3,26908.39
2038,811,438,1015,4,76490.83
2039,812,107,1083,3,13178.59
2040,812,1431,123,1,41874.92
2041,813,1977,423,5,26440.64
2042,813,499,189,1,19431.14
2043,813,176,888,4,55248.07
2044,813,640,350,1,79545.23
2045,814,996,1636,5,22847.76
2046,815,200,831,5,34703.59
2047,815,93,617,2,22774.54
2048,815,1260,931,1,65217.07
2049,815,1376,1123,1,4423.42
2050,816,1684,501,1,31574.66
2051,816,1185,540,2,99565.47
2052,816,1345,402,1,35468.01
2053,816,406,109,2,39600.33
2054,817,1964,885,3,82678.06
2055,817,1029,1416,3,73537.11
2056,818,1383,669,2,52451.75
2057,819,197,593,2,39335.31
2058,820,984,155,3,90254.52
2059,820,76,1206,5,32460.68
2060,820,212,196,4,38793.26
2061,820,646,512,2,11907.86
2062,821,264,1747,2,25092.87
2063,821,278,65,3,62532.27
2064,822,378,361,1,25406.44
2065,822,1362,287,1,35095.15
2066,823,1742,155,1,21323.33
2067,824,1095,458,5,31814.84
2068,824,629,467,2,33084.69
2069,824,429,1059,4,69912.2
2070,825,1632,440,2,10431.15
2071,826,688,844,3,19053.08
2072,826,1705,444,3,59897.77
2073,826,1762,819,3,96418.05
2074,827,1249,1625,1,27055.27
2075,827,907,1196,5,46513.99
2076,827,877,396,3,48012.24
2077,828,1495,1660,5,32447.79
2078,829,896,930,4,67150.14
2079,829,1537,1776,2,29408.49
2080,830,364,1701,2,91039.19
2081,830,1274,1710,1,316.25
2082,830,967,364,4,79116.29
2083,831,760,1735,1,53157.51
2084,831,1668,1565,4,61866.14
2085,831,681,758,2,19684.11
2086,831,1153,1047,1,17823.85
2087,832,853,969,3,65421.6
2088,832,615,829,5,71516.32
2089,832,216,327,3,95849.49
2090,832,546,1593,3,47227.49
2091,833,890,478,3,22608.88
2092,833,1474,1189,4,27228.14
2093,833,651,1299,5,4993.02
2094,833,1366,695,2,73533.29
2095,834,1797,1449,4,12118.9
2096,834,1866,1214,2,56021.65
2097,835,973,1313,4,45175.31
2098,835,168,1430,4,41997.03
2099,835,321,1526,5,81944.55
2100,836,556,1351,3,3709.19
2101,836,436,673,5,49726.62
2102,836,1926,505,5,81449.58
2103,837,806,1497,5,58132.74
2104,838,1209,1247,5,12619.0
2105,838,1309,159,4,19946.75
2106,838,485,1763,2,12771.08
2107,838,1262,1025,1,49315.53
2108,839,1423,182,1,49750.39
2109,839,946,1019,2,30044.77
2110,840,121,1588,1,30168.95
2111,840,966,561,5,72798.58
2112,840,1416,1669,4,38165.68
2113,840,341,1852,1,70839.04
2114,841,792,564,5,62583.05
2115,841,1499,270,1,69966.18
2116,842,1606,610,4,22807.7
2117,842,403,663,3,85425.62
2118,842,1213,1534,5,14037.56
2119,842,1574,1297,2,60392.17
2120,843,706,421,2,58566.35
2121,843,1538,943,2,22330.5
2122,843,831,1199,5,23348.03
2123,844,24,1681,5,21924.28
2124,844,441,1734,1,2491.45
2125,844,810,225,2,88785.35
2126,845,1472,182,5,912.49
2127,845,599,1377,1,34487.45
2128,845,1162,1821,5,59639.58
2129,845,943,674,2,38360.46
2130,846,215,1958,4,56815.16
2131,847,1609,57,1,69797.24
2132,847,1584,1472,2,80777.87
2133,847,1170,558,5,34999.19
2134,848,399,464,2,48004.84
2135,849,442,1364,4,95990.74
2136,849,976,1346,2,82710.04
2137,849,1880,561,5,74720.9
2138,850,94,1118,3,1423.92
2139,850,1691,128,1,85938.78
2140,850,1154,1011,5,53310.92
2141,851,515,1862,5,3696.0
2142,852,22,1341,5,60572.3
2143,852,1998,171,1,27096.11
2144,852,580,639,2,12422.7
2145,852,1185,80,2,95271.97
2146,853,1748,828,5,68871.36
2147,853,855,1532,1,45960.86
2148,853,1897,1234,1,39351.24
2149,853,244,296,1,90895.65
2150,854,529,1834,3,72806.49
2151,854,1028,535,2,66512.54
2152,855,654,153,4,6007.18
2153,855,405,980,5,11902.51
2154,856,995,1715,5,61075.4
2155,857,121,985,1,29559.23
2156,857,164,1810,1,102301.44
2157,857,664,238,2,78741.14
2158,857,1613,1603,1,50207.66
2159,858,1897,34,2,39966.45
2160,858,1736,951,1,62266.81
2161,858,1674,1911,5,2927.93
2162,859,593,189,1,57208.17
2163,860,1744,280,4,37056.89
2164,860,1295,154,5,65695.78
2165,860,613,894,4,74453.79
2166,860,650,755,4,13595.43
2167,861,385,1135,1,55579.42
2168,861,1240,1305,4,61965.84
2169,861,147,1988,1,8956.33
2170,861,490,777,1,80377.1
2171,862,347,311,1,12175.74
2172,862,511,1797,1,76964.43
2173,862,1314,487,1,11180.67
2174,863,679,842,5,26275.69
2175,863,106,1978,2,41652.48
2176,864,1123,691,2,93655.75
2177,864,519,360,4,93904.95
2178,864,1668,1830,1,48267.96
2179,864,706,1297,3,53953.94
2180,865,1914,1450,4,72493.97
2181,866,1067,1864,3,6097.67
2182,866,1077,1239,3,61706.55
2183,866,1874,1945,5,11092.4
2184,867,63,757,1,10483.01
2185,868,887,1924,4,66553.93
2186,868,925,746,5,66953.16
2187,868,713,299,2,26404.52
2188,869,934,320,4,4359.73
2189,870,830,531,4,31675.2
2190,870,752,976,1,16877.33
2191,870,54,170,3,27557.14
2192,871,228,11,4,14624.48
2193,871,1718,1958,4,37620.94
2194,871,456,534,1,64741.68
2195,872,1594,11,1,29291.66
2196,872,1655,1665,4,4932.14
2197,872,211,1228,1,54423.01
2198,872,1796,1991,1,29757.86
2199,873,16,835,2,77064.05
2200,873,967,1475,1,63586.35
2201,874,287,293,5,52193.88
2202,874,470,359,5,11877.84
2203,875,1098,569,4,86285.58
2204,876,1078,734,5,29224.71
2205,876,395,609,1,76593.94
2206,877,80,1488,5,82223.0
2207,878,468,764,1,59650.73
2208,879,711,61,3,79446.51
2209,879,1367,1981,4,86955.66
2210,880,1570,1087,5,23411.29
2211,880,1318,1691,1,55685.7
2212,881,593,1917,3,70552.34
2213,881,241,1140,1,71060.24
2214,881,1310,952,5,32270.33
2215,881,1435,262,5,29330.21
2216,882,49,1833,3,57532.0
2217,883,1864,1932,3,33069.88
2218,883,1776,159,5,10950.7
2219,883,1459,1555,2,44955.84
2220,884,1905,1344,3,796.75
2221,885,1639,1810,2,97515.39
2222,885,931,359,1,40751.57
2223,885,590,1381,5,98548.99
2224,885,1501,458,1,10301.6
2225,886,1020,1316,1,29995.52
2226,886,1870,466,4,31192.15
2227,886,1146,1584,1,8070.14
2228,887,455,1688,5,3166.81
2229,888,514,491,4,43482.09
2230,888,1908,29,3,87591.05
2231,888,1880,1132,3,77629.09
2232,888,1852,1874,4,53533.75
2233,889,1430,1116,3,7658.6
2234,889,1574,1833,1,67493.9
2235,889,43,1235,4,34984.33
2236,890,1413,611,3,40476.1
2237,891,31,100,4,1290.12
2238,891,773,942,2,9972.27
2239,891,137,1549,3,20527.2
2240,891,1491,1831,1,2590.71
2241,892,295,191,2,86087.04
2242,892,910,1148,1,15927.01
2243,892,849,1841,5,40902.11
2244,893,451,1049,3,67120.99
2245,893,1301,1481,4,54544.38
2246,893,42,330,5,10568.39
2247,894,552,1585,4,21609.97
2248,894,618,370,3,76241.16
2249,894,942,1663,1,6818.06
2250,895,493,289,3,35327.52
2251,895,1524,618,5,14241.44
2252,896,561,164,4,91368.45
2253,897,227,701,2,98637.45
2254,897,1475,816,5,538.41
2255,897,678,1095,3,79871.98
2256,898,1733,1901,1,3721.11
2257,898,1960,1709,4,83072.79
2258,898,1198,776,1,14008.97
2259,899,756,126,2,52169.56
2260,899,927,437,2,57096.4
2261,900,1384,735,2,63575.22
2262,900,1229,1738,1,38009.99
2263,900,597,1102,2,28279.75
2264,901,95,42,2,90599.69
2265,901,573,804,2,21639.83
2266,902,907,324,1,47185.88
2267,903,1230,1699,2,19129.98
2268,903,285,179,4,6578.95
2269,904,1854,736,2,65614.68
2270,904,245,1843,4,52968.72
2271,905,973,1709,1,40224.88
2272,905,1759,259,3,3549.57
2273,906,249,473,5,37197.3
2274,906,1719,93,3,45268.18
2275,907,16,93,4,74984.06
2276,907,379,1199,1,81937.1
2277,907,310,491,2,17191.2
2278,908,1003,998,1,58744.09
2279,908,1238,5,1,18861.05
2280,909,1452,1328,3,20236.71
2281,909,1192,772,2,29559.37
2282,910,772,1387,3,46653.91
2283,910,1466,132,5,65644.07
2284,910,1471,725,5,84212.21
2285,911,1187,293,2,25551.95
2286,911,1274,1626,3,349.47
2287,911,1663,445,2,95322.29
2288,911,1841,170,4,35548.6
2289,912,954,1574,1,48070.99
2290,912,1877,772,3,95061.61
2291,912,1602,590,2,57164.27
2292,912,1095,1603,1,36484.88
2293,913,402,1433,1,89927.16
2294,913,1388,1373,4,88339.22
2295,913,1259,877,4,76188.51
2296,914,120,1350,4,47087.29
2297,914,706,1556,4,50788.2
2298,914,363,55,5,14977.78
2299,915,1683,1435,3,26325.78
2300,916,834,1357,1,38694.28
2301,917,320,271,2,24280.51
2302,918,801,980,5,90325.88
2303,919,50,979,4,80758.74
2304,919,792,504,2,61597.16
2305,919,1289,1401,4,57097.11
2306,919,1692,729,5,10352.13
2307,920,776,1303,5,43486.84
2308,920,1677,1326,5,74132.8
2309,921,1867,172,1,21314.11
2310,921,1020,312,5,27329.15
2311,922,83,60,2,18756.85
2312,923,1583,1167,5,48433.56
2313,923,1861,1428,2,85409.7
2314,923,504,1440,1,2025.52
2315,924,896,1350,5,70926.37
2316,924,706,779,5,52865.42
2317,924,1228,1989,4,9633.66
2318,925,212,1135,2,42617.72
2319,925,1006,1018,4,76215.01
2320,925,1350,147,3,16259.37
2321,926,85,202,3,50909.85
2322,926,194,63,4,87783.04
2323,927,1435,805,3,30761.84
2324,927,877,912,2,57384.47
2325,928,131,1000,2,46154.9
2326,928,1650,648,3,27609.69
2327,928,296,1655,2,94660.68
2328,929,1378,1906,4,96207.03
2329,929,804,842,3,82820.54
2330,929,644,1048,3,3443.45
2331,930,338,1668,5,42478.78
2332,930,571,753,1,24283.86
2333,931,1281,1964,4,94069.39
2334,931,283,1988,5,75751.67
2335,931,645,785,5,99762.17
2336,931,12,1759,1,71680.8
2337,932,1775,864,2,44708.08
2338,933,1457,1935,2,85745.45
2339,933,1009,1439,1,357.78
2340,933,368,1197,2,57175.51
2341,933,1224,1797,3,20295.79
2342,934,269,1179,1,20303.69
2343,935,1846,302,2,13366.06
2344,935,9,1011,4,71843.28
2345,935,382,1756,1,77832.11
2346,936,1992,1162,4,6472.66
2347,936,1010,281,3,46229.65
2348,936,1481,1065,3,82138.41
2349,937,940,50,2,30255.04
2350,938,192,928,5,75310.53
2351,938,600,1940,2,15997.3
2352,939,911,1498,2,18304.95
2353,939,1322,1898,5,67874.58
2354,940,649,1890,4,28713.01
2355,940,132,1569,4,19753.45
2356,940,1470,404,4,35455.41
2357,941,1739,1606,5,64998.14
2358,941,1768,9,1,3252.29
2359,942,1809,1691,2,77984.95
2360,942,1626,1944,1,32826.95
2361,943,1031,260,4,40027.6
2362,943,1881,1584,5,80865.38
2363,943,550,1542,2,92124.14
2364,944,1384,1940,5,52352.36
2365,944,1181,1416,5,60894.73
2366,944,781,1022,1,15273.16
2367,944,47,781,1,75326.22
2368,945,1243,1825,4,25635.2
2369,945,1879,1228,2,34540.12
2370,945,586,759,4,88567.84
2371,946,233,1776,2,71272.02
2372,947,1564,1860,5,11575.0
2373,947,1776,767,1,12393.87
2374,947,192,1985,1,64178.32
2375,948,598,974,3,27998.36
2376,948,802,1087,1,33608.72
2377,948,225,100,2,73727.9
2378,949,586,523,1,83304.68
2379,950,557,496,1,48199.03
2380,951,1831,1408,2,100906.29
2381,951,1043,392,5,40479.71
2382,951,697,212,3,8390.98
2383,951,156,445,4,39592.2
2384,952,722,404,1,67700.7
2385,952,1036,25,1,102775.88
2386,952,103,1058,3,56143.8
2387,953,226,924,5,17949.77
2388,953,998,187,5,1229.03
2389,953,1722,1820,4,39573.25
2390,953,1671,1346,1,66083.18
2391,954,991,211,4,60877.23
2392,954,1438,750,5,104479.4
2393,955,1637,175,5,19404.14
2394,955,1060,1693,4,62817.89
2395,955,866,1187,5,5904.68
2396,955,232,408,2,69448.55
2397,956,1782,1772,1,75868.71
2398,956,86,1099,2,3676.64
2399,956,1474,524,3,31213.94
2400,956,658,138,5,71434.26
2401,957,901,1118,3,46228.5
2402,957,1446,1950,2,28986.06
2403,957,308,1185,5,71696.79
2404,958,579,795,4,81919.04
2405,958,327,194,4,10913.62
2406,959,687,1396,3,37104.67
2407,959,1146,549,4,7594.22
2408,959,89,994,5,100342.97
2409,959,137,9,2,18541.6
2410,960,419,1692,4,27044.44
2411,960,323,1545,4,94556.72
2412,960,1846,1148,2,13229.74
2413,961,1307,760,1,48616.14
2414,962,1792,760,3,30631.96
2415,962,1061,1984,2,68839.09
2416,963,1676,16,5,81610.36
2417,963,391,1893,4,22901.45
2418,963,1928,1479,1,56404.54
2419,963,1875,1568,2,73510.14
2420,964,1946,1625,4,65352.64
2421,964,991,1884,1,61355.79
2422,965,288,1420,4,68005.51
2423,965,654,1888,4,6245.0
2424,965,263,1598,5,47129.32
2425,966,1859,99,2,32755.22
2426,966,170,571,2,67680.36
2427,966,300,1383,3,81186.04
2428,966,150,1820,1,68466.91
2429,967,1739,916,4,59351.6
2430,967,1683,1268,4,29435.1
2431,967,1417,1389,5,11040.74
2432,967,1357,973,1,78639.77
2433,968,717,1577,4,595.82
2434,968,1581,84,5,6228.24
2435,968,817,1396,4,85651.03
2436,968,825,481,2,19246.84
2437,969,33,1462,3,8806.21
2438,969,36,1918,3,27897.27
2439,969,1260,1382,4,69938.97
2440,970,402,1279,2,90701.35
2441,970,1599,374,2,10552.85
2442,970,940,1187,1,34672.73
2443,971,1278,28,4,70501.2
2444,971,1441,1420,3,7721.88
2445,972,863,1562,1,86109.02
2446,972,103,1616,5,52177.45
2447,973,77,197,1,72983.26
2448,973,1527,1452,2,59544.39
2449,973,1438,63,5,82869.48
2450,974,715,428,3,1892.38
2451,974,1148,1864,3,33051.3
2452,974,1172,1769,5,102021.35
2453,974,1470,417,2,32715.01
2454,975,734,1832,1,17213.14
2455,975,1008,221,3,833.55
2456,976,1168,788,2,30292.87
2457,976,187,1456,5,103598.52
2458,976,1676,1298,4,80418.49
2459,976,517,1391,2,98020.13
2460,977,1796,426,1,33254.11
2461,978,1419,835,4,18924.3
2462,978,285,1595,5,6030.67
2463,978,1674,805,5,2763.18
2464,978,1347,1758,5,90092.76
2465,979,1372,81,1,61124.07
2466,979,264,1505,2,23338.87
2467,979,595,802,1,84517.0
2468,979,6,1366,4,60209.79
2469,980,177,1146,3,90272.85
2470,980,1207,1688,2,87764.4
2471,980,50,235,4,97559.36
2472,981,1495,1801,2,32728.19
2473,981,117,656,4,37053.46
2474,982,782,1460,2,30795.99
2475,982,1226,184,1,3481.04
2476,983,1207,108,5,95092.12
2477,984,136,909,5,4938.93
2478,984,1133,8,3,32019.01
2479,985,356,1079,2,50372.37
2480,986,133,1804,5,23825.97
2481,986,687,1280,1,37879.01
2482,986,1114,472,1,35297.67
2483,987,1298,855,4,11678.23
2484,987,909,1578,4,13465.07
2485,988,1049,1616,1,15020.45
2486,989,1382,879,5,43608.87
2487,989,1301,1748,5,50295.08
2488,990,1832,938,1,27711.36
2489,990,1429,1867,2,23559.89
2490,990,526,1697,1,30646.68
2491,990,1576,715,5,71933.91
2492,991,18,1256,4,64286.89
2493,991,1766,416,5,85396.97
2494,992,286,1198,1,78277.78
2495,992,194,287,4,83660.49
2496,992,1143,972,4,43487.69
2497,993,1327,1492,1,13925.27
2498,993,59,995,4,59257.66
2499,993,1552,1776,1,89108.61
2500,994,816,1348,5,32430.15
2501,994,1782,1963,2,77420.04
2502,994,1839,484,4,96184.94
2503,994,257,1856,3,12656.78
2504,995,1801,331,4,30205.52
2505,995,1590,353,5,24847.71
2506,995,1603,871,4,49813.65
2507,995,1311,1055,5,78614.14
2508,996,917,814,1,42607.31
2509,996,1319,1674,3,60678.88
2510,997,950,597,5,20512.89
2511,998,1159,278,3,32407.29
2512,998,1097,977,4,91837.36
2513,998,218,889,3,37183.2
2514,999,779,1718,2,55420.58
2515,999,607,757,5,84072.35
2516,999,52,61,1,69040.55
2517,999,1125,1928,3,32148.14
2518,1000,224,794,3,19153.52
2519,1000,1827,1194,2,46418.41
2520,1000,1940,1953,2,34802.14
2521,1000,1599,1944,3,10626.59
2522,1001,1642,1092,4,82253.43
2523,1001,191,234,3,46611.1
2524,1001,1095,81,1,38830.3
2525,1002,1585,1472,5,68174.82
2526,1002,90,553,5,76084.11
2527,1002,9,371,5,79078.17
2528,1003,716,1283,2,65402.6
2529,1003,1310,1586,2,35367.58
2530,1003,949,37,1,26088.49
2531,1003,102,1797,2,30193.74
2532,1004,131,1319,5,39830.64
2533,1005,1011,564,2,72836.17
2534,1006,823,1355,5,67048.4
2535,1007,332,1743,2,75508.02
2536,1007,466,432,1,30647.45
2537,1008,788,345,1,72735.68
2538,1009,1309,279,3,23879.49
2539,1009,401,1853,4,60830.08
2540,1009,41,868,2,76120.37
2541,1009,1926,1649,5,91555.45
2542,1010,962,1624,3,104772.16
2543,1010,1936,1429,3,93766.1
2544,1011,1653,1315,3,5101.6
2545,1012,1846,1592,4,13232.15
2546,1012,836,1476,4,43645.76
2547,1012,1390,1010,2,42187.23
2548,1013,519,449,3,84620.44
2549,1013,1925,135,3,26846.12
2550,1013,764,879,5,6198.46
2551,1014,725,407,3,12355.28
2552,1014,1900,1611,3,43580.07
2553,1014,1790,1754,2,72464.4
2554,1014,1053,1899,3,16412.75
2555,1015,1291,1705,4,62190.73
2556,1015,328,803,3,48884.47
2557,1015,1751,493,2,4575.21
2558,1015,853,1358,4,70005.53
2559,1016,10,1248,3,5764.78
2560,1016,1893,1584,4,58921.06
2561,1016,1041,1250,5,87715.44
2562,1016,1846,1699,3,13395.23
2563,1017,1223,1097,1,65893.25
2564,1017,1415,1563,3,81300.18
2565,1017,691,123,3,35122.13
2566,1017,1775,66,5,38505.73
2567,1018,822,1501,1,27882.55
2568,1018,950,404,3,18393.93
2569,1018,339,1553,5,57963.41
2570,1019,1428,958,4,19320.68
2571,1020,1858,1209,3,55767.33
2572,1020,291,1615,3,16494.16
2573,1020,1730,1986,1,9760.72
2574,1020,1991,1896,1,35013.49
2575,1021,687,720,1,35361.46
2576,1021,1146,1386,2,8112.78
2577,1022,615,704,1,70817.64
2578,1023,639,430,3,57775.75
2579,1024,286,1862,4,75439.42
2580,1025,1689,1538,4,22623.67
2581,1025,459,1705,3,78192.62
2582,1026,229,292,2,39283.25
2583,1027,563,1780,2,42707.19
2584,1028,1813,1674,3,71669.3
2585,1028,944,890,4,54300.4
2586,1029,228,1073,3,14574.6
2587,1029,1418,1083,2,90706.45
2588,1029,105,1387,3,15903.72
2589,1030,1955,1295,4,103989.25
2590,1030,165,1635,5,92336.49
2591,1030,532,1282,1,75491.2
2592,1031,193,1364,3,17847.04
2593,1031,161,733,3,30876.42
2594,1031,977,451,4,56737.74
2595,1032,278,1731,1,65693.67
2596,1032,971,410,2,91359.5
2597,1032,382,790,1,92837.8
2598,1032,1114,288,1,33210.39
2599,1033,768,1479,2,24408.29
2600,1033,1973,528,1,1974.87
2601,1033,867,869,1,46555.18
2602,1033,1473,1077,1,49724.16
2603,1034,804,1273,1,80606.37
2604,1034,328,480,1,49956.63
2605,1034,29,884,2,32579.86
2606,1034,1207,1729,2,97394.46
2607,1035,1946,1526,4,73323.07
2608,1035,152,637,3,76546.93
2609,1035,893,676,5,73795.88
2610,1036,1880,257,4,68417.46
2611,1036,1682,1386,1,91247.2
2612,1037,575,470,5,32941.89
2613,1037,1601,1087,1,27388.57
2614,1038,1742,1347,3,20769.74
2615,1038,1917,118,2,66658.72
2616,1038,186,1671,2,7791.52
2617,1039,95,297,5,80886.27
2618,1039,1760,1480,2,17719.47
2619,1039,1392,523,2,4057.49
2620,1040,905,379,5,1273.65
2621,1040,776,226,3,38973.4
2622,1040,956,50,3,34650.24
2623,1041,1834,1068,2,63846.63
2624,1041,175,510,4,39277.7
2625,1042,461,174,1,72421.29
2626,1042,1875,1753,2,75533.98
2627,1042,1630,1199,4,80399.59
2628,1043,657,33,4,74025.83
2629,1044,1943,1379,4,3093.29
2630,1045,1850,1657,1,100247.75
2631,1045,1603,438,2,50778.13
2632,1045,1966,1725,4,14042.99
2633,1045,696,1259,1,31698.18
2634,1046,469,321,1,50393.47
2635,1046,1680,505,4,40081.24
2636,1046,1267,155,3,29280.39
2637,1046,319,1392,4,22473.39
2638,1047,234,281,5,78869.0
2639,1047,1583,925,4,41548.08
2640,1047,56,1318,3,31279.32
2641,1047,736,1219,5,13693.17
2642,1048,765,1769,2,5845.66
2643,1049,651,1657,2,4303.64
2644,1049,105,1590,4,17574.63
2645,1049,22,1067,2,59044.83
2646,1050,1817,437,3,16577.18
2647,1051,349,1218,3,74708.63
2648,1052,1560,1329,1,63993.05
2649,1052,813,1239,2,29321.38
2650,1052,97,1403,4,83439.91
2651,1052,487,610,1,73850.8
2652,1053,492,869,5,66574.17
2653,1053,1616,92,1,18044.8
2654,1054,915,147,1,95346.33
2655,1054,354,643,1,82944.67
2656,1055,769,1118,3,40446.4
2657,1055,124,6,1,5080.81
2658,1055,206,1347,5,88671.08
2659,1056,356,1579,5,55823.78
2660,1056,65,1404,1,2217.52
2661,1057,1072,1305,4,28732.19
2662,1057,249,1723,1,38040.91
2663,1057,1483,1158,1,98924.49
2664,1057,1597,1437,4,43697.67
2665,1058,1230,1046,5,22926.38
2666,1058,26,1328,4,5379.6
2667,1058,955,378,1,64640.9
2668,1058,1535,725,2,57226.9
2669,1059,1599,104,4,10740.94
2670,1060,234,1149,3,86073.42
2671,1060,889,57,5,41563.5
2672,1060,495,657,1,7419.38
2673,1060,551,940,1,84481.93
2674,1061,1567,226,5,97007.74
2675,1062,1636,741,3,39087.55
2676,1062,1317,861,5,58601.07
2677,1062,623,1264,4,22731.2
2678,1063,1685,929,4,55193.49
2679,1063,236,484,4,13975.17
2680,1063,1229,1402,1,41746.91
2681,1063,382,1384,5,82341.37
2682,1064,1734,493,5,41545.49
2683,1064,872,219,2,94391.35
2684,1065,1892,449,1,28173.45
2685,1065,1590,1013,2,26941.21
2686,1065,903,401,5,40590.63
2687,1065,1114,1075,4,33860.58
2688,1066,340,1494,2,44538.22
2689,1067,1367,141,3,74286.46
2690,1067,780,801,4,27941.78
2691,1067,1969,869,2,83929.01
2692,1068,608,1949,1,5496.91
2693,1069,853,611,2,72779.3
2694,1069,1596,210,3,31885.39
2695,1069,199,1048,2,69347.55
2696,1069,1402,813,5,101996.71
2697,1070,1817,852,3,15925.45
2698,1070,1891,1724,3,89486.1
2699,1071,1104,1046,4,70689.9
2700,1071,1158,444,4,93506.02
2701,1071,794,1597,2,68710.35
2702,1071,1215,570,5,61442.53
2703,1072,823,465,1,74584.31
2704,1072,1493,1181,2,101953.45
2705,1073,1597,1448,5,34971.37
2706,1073,1956,1319,2,8935.91
2707,1074,786,676,5,31054.9
2708,1075,90,1860,3,63957.27
2709,1076,1186,168,5,80119.69
2710,1076,193,263,5,16954.97
2711,1077,255,180,5,45112.9
2712,1077,1063,1427,5,9487.74
2713,1077,395,1938,4,91247.44
2714,1077,42,1737,4,9289.36
2715,1078,1077,1714,5,64067.68
2716,1078,1256,1706,5,16340.98
2717,1078,1494,584,5,18884.48
2718,1078,1619,1279,5,84210.65
2719,1079,1905,277,1,840.49
2720,1079,1779,227,3,9253.72
2721,1080,1620,1059,1,67182.81
2722,1080,688,1095,1,22429.85
2723,1080,856,1826,1,20232.24
2724,1080,729,1009,2,81522.62
2725,1081,833,194,4,40702.82
2726,1081,1765,193,2,59839.89
2727,1081,499,1957,3,22532.7
2728,1082,1676,1543,4,66242.74
2729,1082,365,1223,3,63756.32
2730,1082,1526,447,4,64398.01
2731,1082,1776,1039,1,10234.22
2732,1083,1077,1413,5,63942.92
2733,1083,1747,1817,5,69242.22
2734,1084,1429,234,2,27421.5
2735,1084,97,27,4,71115.22
2736,1085,713,1425,2,24117.36
2737,1085,387,455,2,18489.07
2738,1085,1629,247,2,22166.84
2739,1085,1400,1258,5,33066.15
2740,1086,1545,1737,1,75485.63
2741,1087,497,976,2,33087.19
2742,1088,761,682,5,83089.3
2743,1088,1057,1424,4,9925.75
2744,1088,1591,1681,2,97063.29
2745,1089,314,987,3,57586.18
2746,1090,1237,316,2,97925.21
2747,1090,1295,1592,3,63745.06
2748,1091,143,1435,2,42778.31
2749,1091,1708,1804,1,42112.02
2750,1091,1230,1727,3,23627.83
2751,1092,1840,218,2,55578.68
2752,1092,368,832,1,55051.23
2753,1092,1853,1111,4,85386.41
2754,1092,1915,1226,3,47730.09
2755,1093,1690,426,5,27595.85
2756,1094,193,798,2,19906.12
2757,1094,643,1236,2,59231.88
2758,1095,1225,1510,3,24102.78
2759,1095,820,1274,1,17122.82
2760,1095,1068,878,3,79707.0
2761,1095,1355,1615,5,86780.69
2762,1096,1290,1874,1,16303.59
2763,1096,569,1535,5,96115.8
2764,1097,1439,944,4,92098.91
2765,1097,221,1827,2,41673.94
2766,1098,858,821,5,26584.79
2767,1099,442,1274,4,81452.98
2768,1099,1973,879,4,1894.74
2769,1100,248,1346,2,12927.47
2770,1100,981,1997,1,20256.03
2771,1101,626,1333,2,12700.99
2772,1101,272,1506,3,71558.05
2773,1102,1661,126,4,25483.19
2774,1102,1658,504,2,14916.74
2775,1103,641,193,5,12778.71
2776,1103,632,1620,3,75942.9
2777,1103,1847,345,3,34982.35
2778,1103,30,1133,3,42275.24
2779,1104,323,1420,3,89980.8
2780,1105,15,631,4,12793.16
2781,1105,1429,1437,1,23860.8
2782,1105,1231,1507,5,6046.38
2783,1106,689,854,3,42088.19
2784,1107,212,720,2,40787.31
2785,1107,633,1270,1,10719.71
2786,1107,1014,958,1,42011.79
2787,1108,615,666,1,71279.12
2788,1108,1718,1278,1,34508.12
2789,1109,790,156,1,14046.68
2790,1109,1762,409,3,87424.82
2791,1110,372,1216,2,56013.5
2792,1110,1535,1960,2,59875.01
2793,1110,1184,783,4,47575.06
2794,1111,1229,1168,3,37106.95
2795,1111,355,1101,4,10150.78
2796,1111,1588,513,1,40949.6
2797,1111,344,1281,5,41049.77
2798,1112,1247,34,5,20392.03
2799,1112,1387,1605,3,84017.83
2800,1113,603,776,4,96938.23
2801,1113,5,1050,2,43117.13
2802,1114,413,615,5,68071.4
2803,1114,1651,472,2,73163.13
2804,1115,760,1511,5,54806.05
2805,1115,210,1849,5,34183.19
2806,1115,1924,77,5,78057.44
2807,1115,1961,1656,3,30704.7
2808,1116,583,1490,5,68898.16
2809,1116,511,1933,5,96195.48
2810,1117,704,551,2,55975.28
2811,1117,43,1706,1,35082.93
2812,1117,922,712,2,108182.18
2813,1118,1247,1887,4,20637.52
2814,1118,558,1773,1,21293.31
2815,1118,1801,875,5,29851.42
2816,1119,581,1231,1,59654.9
2817,1119,670,964,4,70000.21
2818,1119,430,530,4,69736.63
2819,1119,661,1126,5,8204.59
2820,1120,1561,1213,5,79382.96
2821,1121,1128,1945,4,59586.98
2822,1121,1042,563,3,70224.07
2823,1122,1366,889,4,79654.92
2824,1122,773,1104,5,10921.5
2825,1122,1058,936,1,83044.89
2826,1122,1972,219,4,51816.33
2827,1123,1787,1769,4,7790.7
2828,1124,1734,535,5,42496.48
2829,1125,166,54,2,82947.05
2830,1126,1631,1467,4,78071.82
2831,1126,1949,804,4,51441.07
2832,1126,1948,858,4,27055.05
2833,1127,1337,694,1,478.11
2834,1128,1933,788,4,67902.48
2835,1128,41,535,5,89167.55
2836,1128,1406,1399,2,36963.7
2837,1128,197,1422,2,50150.67
2838,1129,1251,891,5,12688.18
2839,1129,1818,39,3,69468.77
2840,1129,1311,1863,1,93237.25
2841,1130,837,1620,2,34995.67
2842,1130,1755,637,1,6772.45
2843,1130,1449,1459,3,4129.51
2844,1130,1181,1629,5,58300.69
2845,1131,1703,344,3,18111.14
2846,1131,1440,255,3,89724.92
2847,1131,1100,1730,2,11107.59
2848,1131,1204,1766,2,766.97
2849,1132,877,771,3,52583.84
2850,1132,1525,1618,1,43776.56
2851,1132,354,1558,2,89173.28
2852,1132,1548,589,5,11025.55
2853,1133,1761,1375,4,18502.04
2854,1133,1146,1049,3,7183.49
2855,1133,1779,1475,1,8023.7
2856,1133,107,163,2,12966.58
2857,1134,1232,1652,5,30937.94
2858,1134,683,4,3,6143.48
2859,1134,173,1032,3,78769.97
2860,1134,1981,1779,4,46737.94
2861,1135,1555,443,4,31563.49
2862,1135,973,301,1,46043.58
2863,1135,100,1531,4,30611.6
2864,1135,1826,623,3,41871.84
2865,1136,826,1225,4,89520.8
2866,1136,1042,1472,2,61624.25
2867,1136,1600,1101,1,74612.79
2868,1137,402,760,4,84923.52
2869,1137,456,182,4,63607.03
2870,1138,919,1808,2,81887.81
2871,1139,618,945,4,77754.74
2872,1139,574,355,4,11014.2
2873,1139,1775,795,2,46781.62
2874,1139,732,911,5,845.77
2875,1140,1044,1258,5,37714.56
2876,1141,1667,1016,3,30345.39
2877,1141,1016,1402,3,81968.25
2878,1141,543,1928,3,86516.52
2879,1141,1605,1460,3,10344.99
2880,1142,1738,1536,4,20655.15
2881,1142,390,1799,1,17561.52
2882,1142,914,1606,2,34823.84
2883,1143,860,52,3,36433.98
2884,1143,1142,47,4,68305.43
2885,1143,974,727,1,70527.97
2886,1143,577,912,3,32246.28
2887,1144,156,650,4,44460.65
2888,1145,122,1205,1,83462.19
2889,1145,1274,1318,1,336.26
2890,1146,1513,838,3,88001.98
2891,1146,69,1487,5,45825.57
2892,1146,1631,1526,3,91885.12
2893,1147,501,1640,3,55554.57
2894,1147,1076,866,3,25056.75
2895,1147,1964,1954,2,81487.63
2896,1148,1929,881,1,4104.38
2897,1148,843,1875,1,79449.92
2898,1149,533,956,1,36452.51
2899,1150,144,123,2,23330.06
2900,1151,1689,162,5,23011.91
2901,1151,864,1225,5,56444.9
2902,1151,160,1507,4,100549.31
2903,1152,178,1122,1,66318.74
2904,1153,1029,1970,4,71448.73
2905,1153,441,567,4,2169.87
2906,1153,1534,639,3,34738.53
2907,1154,1891,1565,4,92387.4
2908,1154,191,1370,1,43703.02
2909,1154,1046,946,5,67895.05
2910,1154,1317,1375,4,59735.21
2911,1155,1451,33,3,61858.22
2912,1155,1258,756,4,74374.48
2913,1156,35,1268,1,30906.72
2914,1156,1079,337,2,100365.29
2915,1156,1315,8,2,7762.45
2916,1157,1017,1861,3,104572.54
2917,1157,866,647,3,6947.62
2918,1158,1277,865,2,35161.6
2919,1158,1096,138,3,58640.93
2920,1159,443,1794,1,25877.0
2921,1160,67,924,2,60093.77
2922,1160,632,1210,1,75184.35
2923,1160,993,1502,5,22798.21
2924,1160,630,535,4,66115.67
2925,1161,1695,385,3,2663.51
2926,1161,263,578,1,46519.47
2927,1161,6,1838,2,62026.37
2928,1162,1604,985,2,68559.02
2929,1162,1034,169,5,78305.42
2930,1163,848,1771,4,79734.94
2931,1163,636,196,2,18877.02
2932,1163,1896,417,3,70774.17
2933,1163,1776,1381,2,9999.48
2934,1164,1053,548,4,16888.48
2935,1164,766,1095,1,52501.8
2936,1164,401,1948,5,65101.28
2937,1165,1307,244,4,53877.5
2938,1165,344,672,3,41976.18
2939,1165,1421,1653,5,18516.97
2940,1166,1446,1626,1,28518.87
2941,1166,1815,1989,5,94020.14
2942,1166,1388,677,3,84978.89
2943,1167,772,944,3,47312.58
2944,1168,441,421,1,2261.29
2945,1168,1102,638,5,25649.69
2946,1169,1122,1826,1,67494.04
2947,1170,1968,134,3,3807.59
2948,1170,1092,388,3,39062.14
2949,1171,639,322,1,65137.73
2950,1171,1874,1795,3,12174.8
2951,1172,1563,107,5,23319.73
2952,1172,1735,209,2,79976.04
2953,1173,317,396,3,5809.45
2954,1173,968,179,3,18358.08
2955,1173,1853,181,2,85766.84
2956,1174,1808,743,2,3530.21
2957,1174,1314,1951,1,9629.5
2958,1174,730,80,2,84755.58
2959,1175,608,904,5,5522.77
2960,1175,22,1459,1,64013.0
2961,1175,922,1263,4,93008.3
2962,1176,1360,655,4,26007.33
2963,1176,1573,1720,4,29161.25
2964,1176,641,1639,3,13602.63
2965,1177,246,1520,2,2875.93
2966,1177,1604,202,2,61575.93
2967,1177,1144,1258,5,90980.77
2968,1178,113,629,1,56790.98
2969,1178,854,1879,1,67801.05
2970,1179,1880,1423,4,78063.4
2971,1180,1414,121,5,86189.42
2972,1180,1262,328,3,49773.14
2973,1180,192,1516,1,70214.27
2974,1180,36,290,4,27121.99
2975,1181,312,172,4,1384.99
2976,1181,1408,1307,4,33466.8
2977,1182,1712,782,2,3819.54
2978,1182,1267,397,3,29691.22
2979,1182,1165,1638,1,73387.89
2980,1182,1596,23,3,35292.49
2981,1183,1356,1299,3,49069.81
2982,1183,1638,1557,2,95374.94
2983,1184,101,299,1,28053.51
2984,1184,1441,1322,4,8587.26
2985,1184,413,548,5,64628.81
2986,1184,324,1011,2,13617.82
2987,1185,1140,1924,1,6416.61
2988,1185,949,717,1,27530.61
2989,1186,1846,1662,1,13505.32
2990,1186,1469,1049,1,11935.75
2991,1187,1871,1941,5,40100.22
2992,1187,1294,1651,4,8784.0
2993,1188,356,1621,2,49377.65
2994,1189,1604,1816,4,59260.82
2995,1189,735,1956,4,6877.59
2996,1189,1736,1244,3,60170.36
2997,1189,616,1187,1,70934.53
2998,1190,1300,1030,5,77398.83
2999,1191,804,419,1,73647.39
3000,1191,1973,797,3,2225.31
3001,1191,1409,726,4,53293.3
3002,1191,532,452,5,75003.61
3003,1192,1491,872,5,2992.71
3004,1192,1803,487,1,25289.29
3005,1192,781,1350,1,14227.11
3006,1192,712,263,2,103927.08
3007,1193,1812,181,1,90916.32
3008,1194,1139,19,3,91256.85
3009,1194,783,1207,3,6016.09
3010,1195,1849,1183,5,13830.95
3011,1195,1807,1043,1,48105.07
3012,1195,164,249,3,103915.57
3013,1195,1544,1068,5,71649.26
3014,1196,1495,346,5,27518.77
3015,1196,504,151,5,2308.6
3016,1196,1148,250,3,31908.17
3017,1197,1961,741,2,27028.32
3018,1198,1149,1206,3,97369.11
3019,1198,491,1961,4,85967.56
3020,1199,1680,1156,3,41713.03
3021,1200,1347,807,4,71372.86
3022,1200,1496,1140,3,77491.87
3023,1201,1669,1578,4,57881.01
3024,1201,1284,680,4,16081.14
3025,1201,1083,306,5,32234.84
3026,1201,1533,753,5,82227.19
3027,1202,1077,338,5,67935.93
3028,1202,1856,1557,1,93781.18
3029,1203,503,430,1,23173.25
3030,1203,765,1045,5,6329.97
3031,1204,1396,866,4,82555.72
3032,1204,1930,1309,4,59915.37
3033,1204,1704,1251,4,43884.65
3034,1205,983,551,3,48932.53
3035,1205,1994,1702,5,80855.04
3036,1206,163,732,2,14226.56
3037,1206,474,979,3,99520.96
3038,1207,1229,1892,5,41868.65
3039,1207,1288,1001,3,56158.72
3040,1207,325,937,3,10804.05
3041,1208,1446,1303,3,28876.02
3042,1209,1401,878,4,66201.25
3043,1209,1818,247,1,78155.69
3044,1209,1902,1268,4,88406.45
3045,1209,321,686,2,69400.93
3046,1210,729,1572,3,84491.01
3047,1210,1613,893,3,54036.65
3048,1210,652,1253,4,20848.72
3049,1210,148,1227,4,78432.17
3050,1211,1871,1657,1,41855.3
3051,1212,719,1033,2,66013.03
3052,1212,1509,226,4,1266.79
3053,1213,176,1554,3,55820.18
3054,1214,354,576,2,80271.46
3055,1214,1889,576,5,70690.75
3056,1215,626,1358,5,11197.64
3057,1215,1582,782,4,46372.58
3058,1216,893,101,1,73497.98
3059,1216,1342,1791,5,26662.31
3060,1216,1422,563,1,12170.74
3061,1217,1864,1134,1,31521.1
3062,1217,615,1750,3,74526.7
3063,1218,1532,1805,5,37943.84
3064,1218,496,1530,4,39873.76
3065,1218,768,709,3,21476.3
3066,1218,1628,854,1,92671.6
3067,1219,1828,84,5,68483.05
3068,1219,805,993,3,90068.41
3069,1220,1297,279,1,83292.02
3070,1220,1435,1535,2,32573.72
3071,1220,283,1427,3,79822.99
3072,1220,1016,129,1,80940.88
3073,1221,1456,1682,3,39536.5
3074,1221,1087,1514,2,7740.87
3075,1222,1512,176,3,17486.12
3076,1222,88,1480,2,11865.38
3077,1222,350,1764,1,38882.52
3078,1223,697,285,1,9246.43
3079,1223,1792,792,2,30554.43
3080,1223,656,446,5,84887.5
3081,1223,1125,979,5,33445.06
3082,1224,6,1591,1,60802.98
3083,1224,914,1701,3,31284.03
3084,1224,1150,1601,5,89017.65
3085,1224,1249,1922,1,30340.49
3086,1225,935,990,3,28552.79
3087,1226,1173,1410,3,7990.26
3088,1226,1388,1626,3,80866.2
3089,1227,695,1377,1,23724.7
3090,1227,422,565,5,77817.86
3091,1228,1060,1320,3,66490.58
3092,1228,1599,975,3,9562.22
3093,1229,718,1193,1,40204.28
3094,1229,777,741,3,17361.63
3095,1229,1598,1255,3,5571.01
3096,1229,654,1451,2,7009.01
3097,1230,456,1100,4,62728.51
3098,1230,1569,209,3,5313.85
3099,1230,885,1640,5,47078.62
3100,1231,1487,1700,5,77283.86
3101,1231,6,1255,1,55855.14
3102,1232,612,231,3,891.47
3103,1232,1772,1216,4,51726.45
3104,1233,1360,98,1,24069.08
3105,1234,1318,932,2,55352.96
3106,1234,517,1259,3,84711.58
3107,1234,947,147,3,77557.22
3108,1235,274,749,4,15345.9
3109,1235,355,690,4,10619.46
3110,1235,722,458,3,61743.9
3111,1235,1931,1980,4,59198.68
3112,1236,1094,767,4,72708.17
3113,1236,674,1363,3,7677.65
3114,1236,1794,1763,2,27674.35
3115,1236,1329,1980,3,30058.68
3116,1237,1709,1588,5,3129.34
3117,1238,996,618,4,24716.98
3118,1238,1530,1028,1,45653.36
3119,1238,1225,825,1,20524.82
3120,1239,1287,1591,2,77730.99
3121,1239,1312,489,2,71172.71
3122,1239,241,1342,3,68310.17
3123,1240,38,516,4,77283.75
3124,1240,953,1999,4,28190.84
3125,1240,209,197,3,68778.64
3126,1241,1372,1658,2,65383.97
3127,1241,1209,255,5,11298.95
3128,1241,1002,655,5,64744.22
3129,1241,1476,86,5,1798.25
3130,1242,1923,1570,4,22920.64
3131,1242,581,946,1,50529.12
3132,1242,764,1689,4,4959.66
3133,1242,1463,160,4,93263.84
3134,1243,1350,1734,1,15738.76
3135,1244,1536,943,5,81710.55
3136,1244,73,553,5,48763.43
3137,1244,1926,1113,4,97486.75
3138,1244,785,365,5,59518.91
3139,1245,815,1852,2,74998.0
3140,1246,1185,485,5,101115.22
3141,1246,1660,1892,5,21072.41
3142,1246,1599,823,2,9345.49
3143,1247,1620,997,2,64040.66
3144,1247,878,1380,3,40027.52
3145,1248,94,263,2,1605.7
3146,1248,1002,440,3,72344.56
3147,1248,119,1981,2,56242.83
3148,1248,931,708,1,41878.08
3149,1249,153,558,2,78759.75
3150,1250,1866,1009,3,66289.84
3151,1250,1756,465,4,81191.19
3152,1250,635,1378,2,5947.34
3153,1250,338,1459,5,43930.84
3154,1251,1948,1423,3,25693.51
3155,1252,402,1441,1,84602.22
3156,1253,1380,746,4,103317.41
3157,1253,1477,1149,2,79688.62
3158,1253,468,52,5,51942.12
3159,1253,1648,1741,3,61023.96
3160,1254,486,1659,5,94354.05
3161,1254,1837,1450,1,51415.44
3162,1254,1494,1038,5,17830.91
3163,1254,965,1924,5,20831.82
3164,1255,1377,1960,2,1096.59
3165,1255,264,341,1,24997.2
3166,1256,661,326,4,7933.94
3167,1256,1776,222,5,11409.26
3168,1257,1727,1659,5,24869.1
3169,1257,683,808,3,5852.93
3170,1258,1289,1874,3,66447.64
3171,1258,559,371,3,43229.49
3172,1258,774,650,3,54714.69
3173,1259,225,1067,1,71112.56
3174,1260,175,1887,4,32900.8
3175,1260,438,1980,1,81734.77
3176,1260,783,296,1,5336.36
3177,1261,1414,1215,2,82092.05
3178,1262,1051,1100,3,26089.49
3179,1262,617,1924,1,3558.25
3180,1262,1599,1374,2,8879.51
3181,1262,205,1938,1,14911.6
3182,1263,407,663,3,53740.63
3183,1263,498,1842,1,28639.47
3184,1264,347,798,1,11679.54
3185,1264,1110,1041,4,29432.25
3186,1264,425,809,3,84821.31
3187,1264,1867,989,1,23894.47
3188,1265,864,1355,4,54564.12
3189,1266,1589,773,2,80785.7
3190,1266,953,765,1,27139.58
3191,1267,1412,853,2,17024.49
3192,1267,1717,1022,2,44227.87
3193,1267,135,1118,5,7999.97
3194,1267,1304,809,5,41386.79
3195,1268,211,1667,5,48409.87
3196,1268,1027,464,2,88264.02
3197,1268,799,610,3,4804.98
3198,1269,1260,612,1,68339.98
3199,1269,880,171,4,70308.26
3200,1269,957,1471,2,90890.04
3201,1270,793,1607,3,25232.21
3202,1271,1977,1157,4,30696.76
3203,1272,612,689,1,1013.61
3204,1272,268,1221,4,42170.02
3205,1273,1132,142,3,23614.97
3206,1274,385,814,5,57272.14
3207,1275,952,568,2,65060.03
3208,1275,1955,681,2,82372.78
3209,1275,23,510,4,77746.75
3210,1275,947,1600,3,82451.45
3211,1276,1630,232,4,82216.05
3212,1276,8,1904,1,16706.56
3213,1276,288,1045,4,63212.2
3214,1276,357,566,5,56139.85
3215,1277,408,754,5,28850.9
3216,1277,1583,1032,3,43883.21
3217,1278,9,837,3,69997.79
3218,1279,1744,638,3,36923.41
3219,1279,173,773,5,80329.69
3220,1279,984,1414,3,85459.05
3221,1280,1505,624,1,44678.77
3222,1280,167,1568,1,62532.52
3223,1281,388,1171,3,43819.71
3224,1281,178,1949,5,66703.48
3225,1282,1909,452,3,75408.71
3226,1283,205,1756,4,16696.51
3227,1283,1010,394,1,49242.84
3228,1283,1903,1025,4,15368.4
3229,1283,167,1830,5,65225.82
3230,1284,520,1911,4,12793.52
3231,1284,1864,191,4,33167.8
3232,1285,1559,1293,5,61164.47
3233,1285,1300,428,2,76272.22
3234,1286,237,929,4,95318.54
3235,1286,1549,1773,4,64101.7
3236,1286,1142,20,4,65777.26
3237,1287,665,1344,5,90931.4
3238,1287,1929,932,2,4319.67
3239,1287,1955,1309,4,98845.5
3240,1288,467,463,2,12271.74
3241,1289,1533,925,3,87262.93
3242,1289,1698,1024,3,92508.18
3243,1289,1480,697,1,64471.16
3244,1289,1486,619,5,46493.39
3245,1290,1202,622,4,102038.81
3246,1291,1728,1109,1,54931.99
3247,1291,240,793,1,44232.45
3248,1292,333,932,5,69249.21
3249,1292,991,1196,3,73497.71
3250,1292,106,1471,3,46206.45
3251,1293,1704,105,4,51935.2
3252,1293,241,1180,4,67389.04
3253,1293,216,1805,4,84286.59
3254,1293,221,1380,3,42676.56
3255,1294,307,934,2,25413.79
3256,1294,1049,1400,5,15316.4
3257,1294,1158,1039,3,86812.48
3258,1294,1619,1394,1,101295.3
3259,1295,1247,1040,3,21187.61
3260,1296,1083,854,1,31873.74
3261,1296,1758,777,5,60240.54
3262,1296,715,373,4,1545.97
3263,1296,1519,1064,2,103231.58
3264,1297,70,907,4,46891.13
3265,1297,1280,900,5,68239.5
3266,1297,1572,84,2,57982.16
3267,1297,1766,1830,4,78660.19
3268,1298,1018,1207,2,67140.06
3269,1298,960,1655,4,16062.24
3270,1299,113,1939,4,54489.88
3271,1300,253,1223,4,77574.4
3272,1300,267,1354,1,49405.93
3273,1300,1135,1981,2,25704.16
3274,1301,475,1402,2,52960.19
3275,1301,395,294,2,90454.3
3276,1302,517,777,1,97442.69
3277,1302,574,1668,1,10871.27
3278,1303,1160,465,1,45386.3
3279,1303,1996,705,2,78248.73
3280,1303,530,897,5,9107.1
3281,1303,1450,662,2,42119.79
3282,1304,280,1036,3,62961.99
3283,1305,68,1609,4,74644.73
3284,1306,520,1696,5,14039.2
3285,1306,1088,1089,4,29655.09
3286,1306,1815,698,2,75286.3
3287,1307,525,342,3,43661.72
3288,1308,1853,1643,1,87518.27
3289,1308,294,1996,4,68237.77
3290,1308,1085,620,2,31883.9
3291,1309,983,1142,4,48638.49
3292,1310,1115,370,1,36877.41
3293,1310,813,1209,2,28488.33
3294,1310,57,511,1,103143.52
3295,1310,1391,71,1,29381.58
3296,1311,1148,850,2,35974.15
3297,1311,822,1589,5,32816.51
3298,1311,1976,1106,4,77849.06
3299,1312,327,1018,2,10713.23
3300,1312,1884,1433,1,83150.81
3301,1312,1814,323,3,94479.14
3302,1312,1064,1633,4,66570.4
3303,1313,971,1876,5,90171.57
3304,1314,236,481,2,15116.45
3305,1314,875,1110,5,16941.97
3306,1314,18,965,1,56405.11
3307,1315,1437,85,2,46785.0
3308,1316,694,308,1,49212.76
3309,1316,1403,327,1,56672.32
3310,1316,163,1818,4,15369.59
3311,1317,1940,816,3,34275.31
3312,1317,557,1269,2,52184.72
3313,1317,137,1426,1,18808.82
3314,1318,832,1791,4,47724.24
3315,1318,851,1515,1,75643.91
3316,1318,270,729,2,79150.2
3317,1319,518,105,2,31166.27
3318,1319,565,816,1,45633.39
3319,1319,350,1861,3,35243.73
3320,1319,1691,1112,2,72573.12
3321,1320,1040,291,2,1899.96
3322,1320,1951,443,4,44142.9
3323,1320,1011,1320,1,70170.09
3324,1321,1771,532,3,89538.44
3325,1322,470,822,4,11612.06
3326,1322,276,1519,5,69695.61
3327,1323,1272,1299,4,23157.5
3328,1324,91,1159,4,3778.87
3329,1324,1480,1735,4,62771.68
3330,1324,219,57,5,79437.47
3331,1325,1171,268,1,55901.59
3332,1326,1126,1477,3,37396.28
3333,1326,1483,465,2,106768.51
3334,1327,1724,1179,2,13620.09
3335,1327,8,1200,3,16516.75
3336,1327,1703,1216,1,16137.46
3337,1327,551,1976,3,92768.66
3338,1328,159,880,2,58761.78
3339,1329,171,1994,1,84801.0
3340,1329,579,956,3,85370.43
3341,1329,1232,942,3,31300.68
3342,1329,338,227,3,49697.92
3343,1330,1150,1694,2,86537.57
3344,1330,1661,325,4,22083.79
3345,1330,958,1232,1,78522.71
3346,1331,1420,365,3,32287.31
3347,1331,144,1951,4,22846.76
3348,1332,1556,1323,4,48369.2
3349,1332,1893,945,4,50451.78
3350,1333,609,627,2,90939.06
3351,1333,392,702,3,64864.52
3352,1333,1302,948,5,19857.52
3353,1334,742,1852,4,88674.54
3354,1334,976,1744,3,68772.58
3355,1334,226,1062,1,20756.51
3356,1334,692,1257,5,5800.86
3357,1335,554,1094,1,63756.21
3358,1335,1901,257,3,90900.01
3359,1336,1969,1477,1,80677.66
3360,1336,104,20,5,10613.54
3361,1336,1284,1432,3,15271.58
3362,1336,63,979,4,9265.76
3363,1337,831,1423,2,20424.36
3364,1337,783,536,5,5258.99
3365,1338,453,845,5,90338.15
3366,1339,1471,1961,3,98149.14
3367,1340,1869,206,3,53785.67
3368,1341,223,1456,1,60647.7
3369,1341,1934,378,2,56810.62
3370,1342,530,1007,3,8130.74
3371,1343,1800,24,1,2278.23
3372,1344,1881,1633,2,81177.02
3373,1344,1251,676,5,12721.75
3374,1345,919,336,2,76806.49
3375,1345,1641,1306,2,94018.34
3376,1345,628,1972,3,45609.97
3377,1346,1867,977,1,25343.66
3378,1346,1421,511,5,18313.44
3379,1346,986,346,2,39266.75
3380,1346,1613,1870,2,52209.26
3381,1347,1493,665,1,84642.15
3382,1347,1597,416,2,39863.31
3383,1347,484,33,5,39436.06
3384,1347,825,1990,1,20002.36
3385,1348,833,1321,3,41844.6
3386,1348,139,925,5,44607.0
3387,1348,1771,1725,3,86573.52
3388,1348,1722,1349,1,38856.35
3389,1349,361,256,4,81259.04
3390,1349,1314,1227,2,10673.51
3391,1349,510,1536,1,53091.49
3392,1350,1947,549,5,73344.69
3393,1350,745,403,3,54076.34
3394,1350,1662,1401,5,40254.88
3395,1350,1768,40,3,3488.76
3396,1351,1515,1376,5,23230.43
3397,1351,1594,1621,3,23968.32
3398,1352,1143,936,2,38381.61
3399,1352,1422,1635,5,10153.64
3400,1352,456,454,2,52871.45
3401,1352,685,986,2,35958.74
3402,1353,1289,1717,2,55920.02
3403,1353,1840,472,4,50213.32
3404,1354,313,1553,4,72881.51
3405,1354,601,45,5,77556.75
3406,1355,1464,940,2,56170.41
3407,1355,1678,472,3,11110.44
3408,1356,819,99,2,72186.8
3409,1357,669,1678,1,93043.59
3410,1357,197,184,3,49893.05
3411,1358,1095,111,5,39584.4
3412,1358,1760,547,1,18559.79
3413,1358,1022,312,3,63723.88
3414,1359,626,1272,2,11837.79
3415,1359,146,763,1,51115.9
3416,1359,162,477,5,1878.62
3417,1359,1216,73,4,101814.54
3418,1360,1201,187,2,56720.68
3419,1361,1851,1466,2,11149.9
3420,1361,44,636,5,27624.99
3421,1361,716,1908,1,64980.51
3422,1362,226,1758,3,18418.72
3423,1362,683,1945,1,6525.57
3424,1362,1418,804,4,96293.23
3425,1362,1019,356,5,87552.16
3426,1363,569,504,1,101744.12
3427,1363,839,882,1,81479.07
3428,1364,1732,153,5,6470.4
3429,1364,1746,1827,4,45635.28
3430,1365,19,1596,1,25340.68
3431,1365,1790,1925,1,66242.93
3432,1366,316,1244,5,70598.99
3433,1366,113,1026,3,53289.27
3434,1366,644,861,5,3319.75
3435,1367,627,389,2,46025.76
3436,1368,50,87,5,77027.06
3437,1368,1870,91,1,34014.43
3438,1368,1912,1568,4,75645.62
3439,1368,1035,1740,1,62268.67
3440,1369,995,1052,5,68076.08
3441,1369,1703,202,5,17216.08
3442,1370,576,1637,4,101335.31
3443,1371,1922,234,4,95237.47
3444,1371,498,969,5,33717.37
3445,1371,1137,182,5,40381.57
3446,1371,1072,724,4,34353.68
3447,1372,718,1286,1,42062.84
3448,1373,685,1099,2,36965.55
3449,1373,820,361,5,14517.43
3450,1373,1554,982,2,92168.47
3451,1373,1141,321,1,102621.53
3452,1374,1379,1370,3,30378.67
3453,1375,939,721,4,62471.3
3454,1375,432,955,5,28540.94
3455,1376,1965,1093,2,43335.89
3456,1377,1237,1066,5,90501.77
3457,1377,909,1167,3,12433.45
3458,1377,1951,523,3,49101.76
3459,1377,1812,1245,5,78035.76
3460,1378,1827,985,3,46332.4
3461,1378,163,1933,4,15443.42
3462,1378,533,1055,4,32974.47
3463,1378,794,141,5,75467.05
3464,1379,1830,624,3,26614.97
3465,1379,207,720,5,46361.11
3466,1379,173,1682,4,80097.78
3467,1379,871,622,2,3112.09
3468,1380,1032,100,4,78806.53
3469,1381,34,67,2,89637.3
3470,1381,1475,1710,3,587.6
3471,1382,492,962,4,66184.14
3472,1382,1579,496,1,36111.45
3473,1383,776,1015,5,40959.92
3474,1384,1720,221,3,72317.32
3475,1384,852,985,2,20070.08
3476,1385,295,538,1,79779.54
3477,1386,1957,691,3,78095.8
3478,1386,1676,119,3,69881.31
3479,1386,595,65,5,106508.72
3480,1387,1364,1155,5,88194.27
3481,1388,1164,1016,4,92573.63
3482,1388,1734,486,5,43267.63
3483,1389,635,200,4,5788.65
3484,1389,774,415,3,54155.44
3485,1390,1582,122,1,40233.18
3486,1390,1375,163,3,51144.48
3487,1391,1260,1267,2,75143.34
3488,1391,630,1008,3,62668.44
3489,1392,644,794,2,3377.24
3490,1392,556,1017,2,3658.97
3491,1392,847,1069,5,86346.76
3492,1392,1546,322,2,4815.87
3493,1393,1594,115,1,23910.76
3494,1393,671,512,1,10768.28
3495,1393,1295,1837,3,62528.86
3496,1393,828,783,4,90090.83
3497,1394,378,737,1,27338.35
3498,1395,1692,538,1,12587.51
3499,1396,1582,1039,1,43833.21
3500,1396,1766,846,4,85030.6
3501,1397,1741,369,2,8737.77
3502,1398,1080,565,4,83544.21
3503,1398,1134,69,5,59642.96
3504,1398,602,1638,2,39553.17
3505,1398,1580,669,2,67359.14
3506,1399,1699,1664,3,76094.5
3507,1399,1130,319,1,46401.71
3508,1399,1660,1637,3,22559.4
3509,1400,515,1115,4,3802.14
3510,1400,1100,145,2,12709.12
3511,1401,947,615,3,65193.44
3512,1401,158,1932,1,48046.58
3513,1402,1871,1092,1,43224.46
3514,1403,1391,1664,1,31563.62
3515,1403,780,1614,1,31289.06
3516,1403,1293,510,5,43429.82
3517,1403,1203,785,1,13997.72
3518,1404,1907,1789,5,72672.88
3519,1404,1603,1525,1,54955.3
3520,1404,1614,1669,5,77736.62
3521,1404,190,1261,2,30441.46
3522,1405,1959,293,3,37483.51
3523,1405,1348,839,5,14680.78
3524,1405,1386,1592,2,7432.93
3525,1405,1228,1985,1,8394.33
3526,1406,576,191,2,103812.83
3527,1407,228,1934,5,15089.28
3528,1408,20,1888,1,49777.22
3529,1408,1944,475,2,82657.65
3530,1408,701,238,4,4669.05
3531,1409,635,639,4,5506.78
3532,1410,849,1526,3,49580.19
3533,1410,3,1653,4,65957.36
3534,1410,1173,607,5,8335.52
3535,1411,142,406,1,25824.88
3536,1411,45,1654,3,64540.82
3537,1412,557,1939,2,49602.53
3538,1412,645,1355,4,92176.18
3539,1412,971,1620,1,91662.23
3540,1412,257,549,1,13388.23
3541,1413,544,1190,5,92826.46
3542,1413,529,1076,4,66933.51
3543,1413,1267,1931,2,27789.02
3544,1413,1285,219,2,35076.78
3545,1414,183,1291,4,51403.17
3546,1414,381,146,1,15816.0
3547,1414,1671,35,2,61967.41
3548,1415,719,1440,5,65716.4
3549,1415,479,1002,4,5016.6
3550,1415,1926,1404,1,82759.0
3551,1415,134,1094,5,82794.5
3552,1416,605,194,2,71706.77
3553,1416,834,812,1,34926.81
3554,1416,1612,592,1,63552.3
3555,1417,596,951,5,77256.42
3556,1417,1947,1150,4,84479.31
3557,1417,1068,1303,5,89324.02
3558,1417,820,1211,3,16523.2
3559,1418,958,25,2,76280.69
3560,1419,52,110,4,67113.7
3561,1420,1544,148,4,66334.8
3562,1421,1340,642,5,91430.43
3563,1421,985,1220,2,51618.71
3564,1422,910,1081,1,15116.67
3565,1423,906,219,5,33694.34
3566,1424,1705,1262,1,59639.7
3567,1424,107,191,3,12451.0
3568,1424,75,177,3,59093.33
3569,1424,570,1213,4,76605.66
3570,1425,476,1364,5,40445.86
3571,1425,478,1157,4,61011.15
3572,1426,767,469,5,44171.02
3573,1426,1926,984,1,100287.55
3574,1426,332,1489,2,74558.61
3575,1427,1795,1919,1,78094.19
3576,1428,788,828,3,77014.25
3577,1428,1284,791,1,17137.07
3578,1429,1327,213,4,13233.38
3579,1429,1703,1164,3,17946.52
3580,1429,935,1423,2,27816.09
3581,1429,483,1015,2,47904.31
3582,1430,1624,1663,5,88220.12
3583,1430,1529,1733,5,35420.21
3584,1431,1987,1712,5,57167.9
3585,1431,1355,982,4,87111.85
3586,1431,499,1360,1,19487.59
3587,1432,1896,1964,2,74787.38
3588,1433,1621,1833,4,104653.22
3589,1433,255,800,4,55678.14
3590,1434,13,1313,1,27941.87
3591,1434,749,469,3,32447.61
3592,1434,746,257,1,94609.14
3593,1434,1146,249,4,7015.87
3594,1435,806,1429,5,64855.02
3595,1436,1914,760,3,69025.46
3596,1436,1796,821,2,32313.7
3597,1437,32,1358,3,63848.39
3598,1437,209,11,2,66609.56
3599,1437,1923,487,3,27084.08
3600,1437,607,974,1,101248.54
3601,1438,815,1977,2,80388.57
3602,1438,1954,259,5,13859.91
3603,1438,1531,1329,1,54790.9
3604,1438,1195,1273,2,40919.42
3605,1439,15,99,1,14043.22
3606,1440,1367,1579,1,69987.44
3607,1441,869,145,5,16699.92
3608,1441,152,1151,3,93390.56
3609,1441,851,1983,5,72872.91
3610,1442,286,1941,1,80324.29
3611,1443,97,1378,5,80015.39
3612,1444,1088,621,4,30026.39
3613,1444,1749,1279,1,13421.93
3614,1445,980,1910,2,6407.52
3615,1445,262,541,3,75161.17
3616,1445,403,1012,4,87649.96
3617,1445,1381,502,4,35394.14
3618,1446,1986,859,1,37162.01
3619,1446,650,259,1,15003.45
3620,1446,1485,1087,5,38767.22
3621,1447,43,437,1,34630.03
3622,1447,842,815,3,59492.17
3623,1448,130,1997,2,76318.63
3624,1448,1307,319,2,52010.14
3625,1448,1290,1566,1,16829.73
3626,1448,1285,894,5,33648.55
3627,1449,649,1282,5,29472.27
3628,1449,1870,848,4,30216.86
3629,1450,1714,500,2,25226.86
3630,1451,1461,1171,2,85777.41
3631,1452,287,1093,2,63041.78
3632,1452,1615,1301,4,18069.29
3633,1452,1843,1867,1,18376.62
3634,1453,945,533,5,24851.3
3635,1453,1195,1163,3,45845.93
3636,1454,1918,642,2,46784.86
3637,1454,382,849,3,77225.47
3638,1455,1557,1642,4,28762.43
3639,1455,1970,1495,5,12743.8
3640,1455,509,232,1,31296.93
3641,1456,453,873,3,85197.39
3642,1456,95,1450,5,77466.36
3643,1457,981,650,3,19701.0
3644,1457,175,1352,1,38250.5
3645,1457,1723,1864,4,59109.7
3646,1457,684,342,4,2860.22
3647,1458,352,1889,3,5799.28
3648,1459,33,1495,3,10794.84
3649,1459,1461,1954,2,81748.55
3650,1460,845,366,4,94729.77
3651,1461,444,299,2,37446.95
3652,1462,149,14,2,84201.25
3653,1462,1097,706,5,94797.75
3654,1462,1631,1949,4,86224.83
3655,1463,1478,1987,5,30239.59
3656,1463,933,1702,3,7426.71
3657,1464,1564,1156,2,9769.01
3658,1464,710,925,3,89656.39
3659,1464,139,151,1,44499.11
3660,1465,802,1890,4,29096.93
3661,1465,1973,1456,5,2114.07
3662,1466,805,949,4,72864.81
3663,1466,1962,329,3,36179.14
3664,1466,1338,598,2,50406.2
3665,1467,1632,30,5,9857.67
3666,1468,1959,1941,5,37239.55
3667,1468,511,1184,2,89189.33
3668,1468,66,1306,5,57827.95
3669,1468,1522,956,2,27432.29
3670,1469,1638,81,4,98553.5
3671,1469,227,1069,5,81837.66
3672,1470,1304,471,4,52572.57
3673,1470,904,1562,3,84423.14
3674,1471,377,967,2,49197.84
3675,1471,6,1264,4,61000.77
3676,1472,283,519,1,76109.66
3677,1472,1116,1468,2,38414.21
3678,1472,963,1430,4,97640.03
3679,1473,1289,669,1,57646.61
3680,1473,811,1498,3,13712.73
3681,1474,1402,1453,1,84275.36
3682,1475,1813,1052,1,81149.64
3683,1475,166,1411,5,82357.56
3684,1475,67,1455,2,58690.17
3685,1476,426,98,1,63088.11
3686,1476,1414,22,4,75474.42
3687,1477,660,315,5,13677.16
3688,1477,79,1445,2,67292.18
3689,1478,1797,1311,3,11196.53
3690,1478,1678,936,3,13568.27
3691,1479,891,1572,5,40630.61
3692,1480,1771,1242,1,99452.12
3693,1481,453,1843,4,99824.64
3694,1481,254,1713,5,94293.88
3695,1481,865,1385,3,83543.82
3696,1481,1721,423,1,84378.21
3697,1482,1864,1931,1,34403.99
3698,1482,518,893,4,26756.72
3699,1482,132,951,1,19862.74
3700,1483,595,679,5,83089.35
3701,1483,1616,675,1,16366.55
3702,1483,1505,614,2,41284.41
3703,1484,1701,8,5,38250.12
3704,1484,1420,197,1,29941.55
3705,1484,349,651,1,77602.76
3706,1484,1057,1975,4,9260.32
3707,1485,203,400,1,66427.45
3708,1485,1497,333,3,62239.21
3709,1485,1473,1430,2,52078.05
3710,1485,1583,273,5,52964.04
3711,1486,1031,396,4,38421.74
3712,1486,1716,1303,3,31817.84
3713,1486,1123,1887,3,88158.42
3714,1487,1018,1922,3,65050.4
3715,1487,829,1386,2,55086.39
3716,1487,358,96,1,23369.09
3717,1488,1590,665,3,27274.78
3718,1488,326,892,2,22439.25
3719,1488,1674,1443,5,2925.35
3720,1489,824,453,1,29563.28
3721,1489,83,566,5,19409.1
3722,1490,41,1861,3,87410.4
3723,1490,522,1093,5,25286.76
3724,1491,242,139,3,19826.35
3725,1491,1714,269,2,27897.71
3726,1491,1114,1829,2,30762.56
3727,1491,885,1439,3,57415.69
3728,1492,1354,1222,2,24821.39
3729,1492,1497,1509,3,65391.24
3730,1492,747,908,3,26853.59
3731,1493,220,1394,2,32378.8
3732,1494,38,626,3,71053.67
3733,1494,1452,1990,2,20299.39
3734,1495,666,1399,1,49948.33
3735,1495,1571,797,1,26793.57
3736,1495,1778,1828,3,100269.43
3737,1496,1867,1550,1,24738.0
3738,1496,1943,1351,2,2766.25
3739,1496,80,1591,2,80730.98
3740,1496,1635,1453,5,49821.71
3741,1497,125,401,3,20369.11
3742,1497,16,1395,1,75728.17
3743,1497,1875,1040,5,79690.28
3744,1497,1053,1202,5,16682.34
3745,1498,1407,1886,4,40666.54
3746,1499,1517,240,2,14485.53
3747,1500,1183,1218,2,49747.62
3748,1500,1811,1298,3,77590.02
3749,1500,1762,1915,1,99649.7
3750,1500,1732,1754,2,5759.28
3751,1501,1533,1386,3,86658.01
3752,1501,1108,299,5,7951.0
3753,1501,1807,1317,5,56819.32
3754,1501,1064,1049,4,72882.45
3755,1502,1119,1584,3,19031.11
3756,1503,811,1458,5,12452.59
3757,1503,1427,9,4,88983.82
3758,1503,498,1203,3,32751.79
3759,1503,105,1253,3,17741.93
3760,1504,948,1316,3,6595.73
3761,1504,1401,635,3,62415.56
3762,1504,1845,1973,1,7052.87
3763,1505,1524,278,4,16899.54
3764,1505,873,1897,3,19112.23
3765,1506,610,926,3,46182.06
3766,1506,1575,224,4,44835.37
3767,1507,511,1336,5,79912.76
3768,1507,699,1252,5,50472.53
3769,1507,1188,1284,5,22218.33
3770,1508,1664,1173,4,16461.81
3771,1508,1242,1752,3,71563.9
3772,1508,1442,1549,2,35123.82
3773,1508,1604,1018,3,61738.17
3774,1509,775,977,5,59172.74
3775,1510,628,80,4,48159.93
3776,1510,1387,1421,2,82349.59
3777,1511,1336,1407,4,68004.97
3778,1511,1373,795,1,59128.08
3779,1511,201,1406,2,13939.08
3780,1511,1652,53,1,4170.32
3781,1512,795,321,2,36042.3
3782,1512,1196,1466,5,49313.14
3783,1513,484,1852,2,43690.2
3784,1514,267,683,1,53574.23
3785,1514,1954,460,1,13634.78
3786,1514,1136,1971,2,8248.17
3787,1515,646,488,3,11474.99
3788,1515,401,1456,3,63197.29
3789,1515,325,584,5,11930.33
3790,1515,940,538,5,34087.1
3791,1516,287,263,2,53955.53
3792,1516,1984,998,1,41844.96
3793,1517,1815,498,3,79737.59
3794,1517,69,706,4,56625.89
3795,1517,1199,86,2,19557.93
3796,1518,233,399,4,87932.39
3797,1518,964,544,3,17372.31
3798,1518,516,1638,4,71079.49
3799,1518,151,228,2,21864.46
3800,1519,1899,1223,1,13102.77
3801,1519,1358,303,4,56572.22
3802,1520,1726,858,3,4015.22
3803,1521,212,1781,2,43681.82
3804,1521,1856,1109,2,96868.4
3805,1521,316,1295,1,65471.23
3806,1521,346,607,3,30728.87
3807,1522,509,1919,3,33968.62
3808,1522,1375,664,3,56186.8
3809,1522,9,105,2,79471.59
3810,1523,1446,878,1,25764.21
3811,1523,682,998,5,30861.09
3812,1524,1891,476,2,91844.97
3813,1524,1626,1757,2,30418.99
3814,1524,444,1231,1,36832.07
3815,1525,73,1422,2,53973.81
3816,1525,60,773,2,11979.24
3817,1525,1065,869,5,11034.06
3818,1525,365,1940,2,56454.19
3819,1526,768,48,4,20555.17
3820,1526,1944,1584,5,76477.86
3821,1526,691,1318,4,27363.5
3822,1526,1386,1478,1,8776.12
3823,1527,354,80,1,82114.28
3824,1528,518,1253,1,28167.56
3825,1528,634,1228,4,88969.51
3826,1529,784,374,1,41804.74
3827,1530,1405,1547,2,36365.61
3828,1530,487,1301,1,77681.04
3829,1531,1184,774,5,44024.09
3830,1531,1884,6,3,82529.91
3831,1532,175,856,1,39121.43
3832,1532,327,1839,5,8937.7
3833,1532,355,298,5,10557.31
3834,1532,1884,949,4,94468.02
3835,1533,930,111,3,32976.82
3836,1533,1597,1147,3,38727.48
3837,1534,1617,1912,2,12423.89
3838,1534,342,397,2,50686.58
3839,1534,1825,1353,5,88453.04
3840,1534,1122,1531,1,71212.21
3841,1535,864,1182,5,49122.99
3842,1535,1999,597,3,30831.44
3843,1536,749,282,3,32687.55
3844,1536,1031,27,5,36229.48
3845,1536,1188,1419,1,21713.73
3846,1536,664,1815,3,70696.65
3847,1537,1878,363,3,87301.98
3848,1537,1673,928,5,40750.57
3849,1537,702,514,4,63655.22
3850,1538,29,1660,5,34984.23
3851,1538,905,652,4,1228.69
3852,1538,8,1589,1,18582.6
3853,1539,292,1854,5,49500.63
3854,1540,1953,628,2,90030.93
3855,1540,1887,126,5,64888.68
3856,1540,314,1632,2,56203.74
3857,1540,1118,1408,1,77424.41
3858,1541,527,3,3,69139.64
3859,1541,245,1010,1,56652.06
3860,1541,897,1929,4,78013.37
3861,1541,55,793,4,76641.29
3862,1542,1628,413,1,101206.76
3863,1543,775,1782,5,67606.28
3864,1543,626,1303,1,11125.29
3865,1543,967,1194,5,64835.68
3866,1543,1986,253,2,38600.48
3867,1544,274,740,2,15419.99
3868,1544,1141,1377,3,86675.97
3869,1544,1403,817,1,56712.55
3870,1545,1264,1140,3,552.21
3871,1546,6,966,1,58804.8
3872,1546,1907,1597,4,71171.71
3873,1546,1439,1840,1,85959.85
3874,1546,243,81,4,53635.08
3875,1547,1484,1944,1,87525.45
3876,1548,120,461,4,50890.22
3877,1548,584,1186,3,92610.22
3878,1548,464,1223,4,87501.91
3879,1549,1328,602,4,15979.23
3880,1549,1868,110,3,84961.07
3881,1550,72,1898,5,103180.55
3882,1551,1386,961,1,8492.17
3883,1552,1138,1488,2,38992.47
3884,1552,1510,99,2,11146.85
3885,1552,742,592,5,82714.17
3886,1552,58,1406,2,45309.34
3887,1553,68,25,2,70416.66
3888,1553,168,1814,4,36336.54
3889,1554,551,1419,3,86866.84
3890,1554,1328,1778,5,17534.49
3891,1554,944,1219,4,52308.71
3892,1554,1382,522,2,47128.1
3893,1555,1359,1564,3,72216.12
3894,1555,1389,340,1,70798.21
3895,1555,1394,829,3,84144.36
3896,1555,1261,1595,2,16052.39
3897,1556,1928,1625,3,48779.59
3898,1557,489,1920,5,43504.66
3899,1557,940,1779,4,34915.89
3900,1558,1519,1407,5,91691.75
3901,1558,1175,1093,1,70198.75
3902,1558,1580,1845,4,72462.62
3903,1558,1605,10,5,10876.79
3904,1559,1571,938,3,27127.48
3905,1559,182,96,3,33967.92
3906,1559,1656,1261,4,86054.31
3907,1559,1630,162,3,76036.13
3908,1560,1056,120,2,72542.19
3909,1561,1031,581,1,38667.75
3910,1561,821,910,3,45780.73
3911,1561,351,55,5,99621.77
3912,1562,429,1567,2,59670.72
3913,1562,375,1995,4,64707.76
3914,1562,530,224,1,9152.65
3915,1562,766,186,1,60368.57
3916,1563,1640,146,5,24344.55
3917,1563,1420,1388,4,34230.47
3918,1563,1765,1249,5,60917.0
3919,1564,1222,340,1,18214.32
3920,1564,456,1694,5,58937.62
3921,1564,1677,1025,2,67928.52
3922,1565,1482,564,5,11128.38
3923,1565,1423,1556,1,58484.81
3924,1565,407,303,4,45017.86
3925,1565,1333,709,5,58928.22
3926,1566,1358,686,3,51292.51
3927,1566,1910,1693,2,93857.8
3928,1566,275,1059,4,18782.13
3929,1566,18,1123,1,67933.54
3930,1567,1984,1749,3,43867.62
3931,1567,132,1399,3,23210.55
3932,1568,916,11,3,39602.3
3933,1568,625,508,4,91732.59
3934,1568,792,987,5,74913.07
3935,1569,1627,538,4,39455.24
3936,1569,1802,376,4,77288.8
3937,1569,370,98,3,53099.86
3938,1569,166,296,5,83614.01
3939,1570,868,1771,4,64286.17
3940,1570,914,1032,5,36376.77
3941,1571,1208,1927,4,88459.99
3942,1571,1110,571,3,26916.33
3943,1571,1075,1810,4,62343.33
3944,1571,945,1980,1,21280.14
3945,1572,237,1881,5,106900.05
3946,1573,1479,1191,2,23214.09
3947,1573,1917,1824,1,72352.45
3948,1574,373,1359,1,47612.21
3949,1574,1425,1191,2,90167.88
3950,1574,930,1835,2,35033.22
3951,1574,682,56,1,27374.73
3952,1575,1724,1614,3,12716.99
3953,1575,1082,497,4,88250.27
3954,1575,587,1371,3,74436.79
3955,1576,738,839,5,20329.11
3956,1577,1445,1437,2,84547.78
3957,1577,271,128,4,35867.92
3958,1578,687,62,3,41139.45
3959,1578,1257,210,4,24996.28
3960,1578,517,1448,2,89577.76
3961,1578,1062,1892,3,10691.56
3962,1579,437,1715,4,28575.64
3963,1580,1656,1872,4,76192.32
3964,1580,1813,848,2,74401.22
3965,1581,1787,386,1,8212.2
3966,1581,1791,216,2,87477.37
3967,1581,722,430,5,68946.61
3968,1581,857,1007,5,39919.61
3969,1582,1106,1856,4,26394.3
3970,1582,1553,654,3,78863.67
3971,1582,1635,1765,5,46532.16
3972,1582,98,822,4,45226.64
3973,1583,668,164,5,21004.4
3974,1583,1452,339,5,21559.52
3975,1583,1707,361,3,34248.22
3976,1583,608,1922,2,6832.1
3977,1584,887,1896,3,78100.12
3978,1584,1197,1257,3,11899.53
3979,1584,85,1889,5,49140.88
3980,1584,1867,636,2,22764.26
3981,1585,1419,1091,3,19347.24
3982,1585,1722,74,3,33565.04
3983,1586,163,452,2,17223.49
3984,1586,1372,1107,5,63782.39
3985,1587,187,1772,2,86479.9
3986,1587,1624,327,1,75377.87
3987,1587,1503,886,4,48570.74
3988,1587,1546,601,2,5396.87
3989,1588,1117,1935,5,6747.85
3990,1588,798,1593,3,39583.71
3991,1588,279,295,5,20415.82
3992,1588,876,776,1,16356.7
3993,1589,13,1870,4,27733.94
3994,1589,1036,464,3,91254.06
3995,1590,1960,1523,1,79794.41
3996,1591,1688,545,3,59292.78
3997,1591,455,1545,3,2978.7
3998,1592,1825,396,2,89042.3
3999,1592,871,1744,4,2805.33
4000,1592,356,1462,1,46597.23
4001,1593,437,731,5,25361.66
4002,1593,696,125,2,31945.34
4003,1593,1087,452,2,6575.41
4004,1594,1671,918,1,64474.41
4005,1594,1894,335,3,24666.8
4006,1594,1660,1489,2,20559.11
4007,1595,595,1068,5,100034.05
4008,1595,1861,1435,2,87556.13
4009,1595,841,1630,4,58690.05
4010,1596,1330,213,4,67262.66
4011,1596,80,1143,5,95355.27
4012,1596,601,142,3,82479.08
4013,1596,214,863,3,596.15
4014,1597,477,1612,3,69685.02
4015,1597,1081,21,3,76477.14
4016,1597,801,571,5,90136.59
4017,1597,1724,1839,3,13594.44
4018,1598,1023,384,2,67742.23
4019,1598,1529,145,2,34550.75
4020,1598,468,1234,3,54531.05
4021,1598,425,953,4,75180.79
4022,1599,1826,1260,3,50321.28
4023,1599,332,1194,5,80850.09
4024,1599,490,572,2,73445.06
4025,1599,1388,66,4,76999.93
4026,1600,423,264,1,74641.45
4027,1600,122,1957,2,79221.18
4028,1600,175,60,1,33393.67
4029,1601,187,295,5,86821.0
4030,1601,1776,729,4,11586.71
4031,1601,1555,110,3,36335.37
4032,1601,770,1123,1,75654.67
4033,1602,1939,240,3,49125.34
4034,1603,937,1716,2,23607.15
4035,1603,574,939,1,9060.76
4036,1604,1006,944,1,89563.81
4037,1604,340,1897,4,46365.33
4038,1604,1048,884,5,78440.29
4039,1604,1571,1428,5,27596.08
4040,1605,724,698,5,16734.46
4041,1605,1968,1168,3,3905.87
4042,1605,1014,53,3,42060.25
4043,1606,1410,793,2,61563.74
4044,1606,1289,1294,1,62283.28
4045,1607,1053,1823,3,17394.93
4046,1607,747,1146,2,28106.2
4047,1607,1793,1930,2,5713.23
4048,1608,1514,1358,3,47559.0
4049,1608,1748,1911,1,67981.4
4050,1609,1587,153,4,92574.1
4051,1609,1556,198,1,47215.14
4052,1610,190,1705,3,28657.74
4053,1610,614,1456,3,82557.56
4054,1611,1647,419,1,97130.08
4055,1612,970,790,5,29255.53
4056,1612,1292,949,2,12437.53
4057,1613,615,117,2,73690.19
4058,1613,1948,743,2,23413.59
4059,1614,1610,346,3,53066.18
4060,1615,20,355,5,43737.82
4061,1615,1509,1583,4,1100.06
4062,1615,1439,1319,1,90725.74
4063,1616,361,1633,1,85373.25
4064,1617,741,1472,2,88021.93
4065,1618,1194,1449,1,37122.69
4066,1618,1164,1674,4,92038.2
4067,1618,126,518,1,54598.25
4068,1619,1852,666,3,48702.54
4069,1619,316,177,5,74781.75
4070,1620,1956,1980,1,8294.68
4071,1621,1518,478,3,28256.79
4072,1621,1973,1455,3,2140.21
4073,1621,1495,414,2,29838.03
4074,1622,1418,876,5,87540.76
4075,1622,361,381,4,73575.85
4076,1622,1828,1679,2,56120.02
4077,1622,946,239,2,26569.8
4078,1623,1269,1809,2,16854.6
4079,1623,177,459,1,85672.21
4080,1624,1148,1266,5,35968.92
4081,1624,71,104,5,53360.41
4082,1624,334,1082,1,54040.86
4083,1625,619,386,1,55068.36
4084,1625,1658,221,5,15405.14
4085,1625,739,74,5,88137.4
4086,1625,324,1374,2,13387.15
4087,1626,1975,1426,2,17111.09
4088,1626,1151,1965,2,1074.94
4089,1626,1490,883,4,42637.3
4090,1626,1673,616,1,45446.83
4091,1627,24,1758,2,24489.62
4092,1628,1267,236,5,31951.37
4093,1629,596,1776,1,73325.04
4094,1629,74,1480,2,71346.66
4095,1629,658,47,2,69998.12
4096,1629,1666,1637,3,25103.47
4097,1630,57,525,5,92575.95
4098,1630,1963,801,3,81274.44
4099,1630,1010,1466,4,50667.8
4100,1630,157,1539,2,76109.83
4101,1631,312,773,2,1297.17
4102,1631,464,54,2,92251.14
4103,1631,155,1966,5,75750.37
4104,1631,1691,191,1,74866.05
4105,1632,2000,1955,2,53596.83
4106,1632,1735,1175,5,87268.63
4107,1632,1989,1581,2,48597.69
4108,1632,64,818,4,48961.17
4109,1633,1217,825,5,46404.4
4110,1633,1245,1983,4,12551.16
4111,1633,576,1239,2,106452.81
4112,1634,1569,447,4,4315.21
4113,1634,508,1010,1,76258.48
4114,1635,1071,1601,1,10782.09
4115,1635,1677,1775,1,72297.28
4116,1635,19,100,5,25095.39
4117,1636,374,611,2,21398.76
4118,1636,443,1637,4,24598.34
4119,1637,601,1110,5,77819.14
4120,1637,585,1277,2,64395.57
4121,1637,1806,687,5,39313.66
4122,1637,1426,1722,5,91149.69
4123,1638,1075,1822,3,64664.7
4124,1638,1743,1718,2,36858.05
4125,1639,1522,648,1,22715.26
4126,1639,562,1576,1,66929.0
4127,1639,730,1956,4,102467.78
4128,1640,1883,1064,2,77221.08
4129,1640,637,482,4,65977.87
4130,1641,1122,1002,2,62006.76
4131,1641,1455,1153,2,62035.87
4132,1642,1090,67,3,87025.96
4133,1642,35,843,3,32274.99
4134,1643,847,1638,3,80563.77
4135,1643,863,1512,4,100154.46
4136,1643,1841,545,1,33284.57
4137,1644,1571,820,2,23782.52
4138,1644,181,682,3,29879.63
4139,1644,267,1178,4,50365.27
4140,1644,80,77,1,82047.51
4141,1645,10,228,3,5779.59
4142,1645,1051,163,3,23502.9
4143,1645,212,1115,1,41656.98
4144,1646,1440,1827,1,71481.86
4145,1646,777,1104,4,16495.52
4146,1647,792,1761,2,74194.96
4147,1647,1879,156,1,39506.94
4148,1647,64,341,4,59343.68
4149,1648,1603,682,3,48577.12
4150,1649,777,1864,3,16763.64
4151,1649,1990,816,5,64914.42
4152,1649,719,778,5,79212.37
4153,1650,1024,184,3,6618.0
4154,1650,926,407,3,54905.91
4155,1651,1295,576,3,77232.1
4156,1651,1405,726,4,38187.13
4157,1651,645,59,1,83677.33
4158,1652,1744,177,1,34210.32
4159,1653,1318,1589,2,57876.64
4160,1653,282,1984,5,4193.88
4161,1653,312,1203,4,1588.27
4162,1653,1017,1407,2,100520.25
4163,1654,1524,800,5,15190.88
4164,1654,1787,753,1,8490.84
4165,1654,1645,666,4,68064.47
4166,1654,426,1618,5,62806.29
4167,1655,1600,1467,5,72769.05
4168,1656,1399,68,5,6149.99
4169,1656,1882,388,4,104471.95
4170,1656,1858,1620,3,64680.21
4171,1656,739,1544,1,90281.72
4172,1657,1151,1786,4,1246.36
4173,1657,558,70,1,23874.42
4174,1657,387,354,4,20938.87
4175,1658,1460,687,1,50355.57
4176,1658,1354,372,5,31373.71
4177,1658,1181,523,3,61013.39
4178,1659,877,284,1,58855.08
4179,1659,1180,1540,4,26062.93
4180,1659,675,1430,3,42764.1
4181,1659,602,268,4,38791.51
4182,1660,1981,25,1,46195.92
4183,1661,1328,916,2,16840.13
4184,1662,1188,1428,3,21382.9
4185,1662,1357,480,3,84844.82
4186,1662,1604,1672,4,66509.45
4187,1662,583,1129,2,81356.27
4188,1663,571,1242,4,29228.75
4189,1663,1863,1407,1,59882.03
4190,1663,1500,912,1,10889.96
4191,1663,1054,1979,1,67579.9
4192,1664,1304,919,4,52218.0
4193,1664,1344,1511,2,32576.88
4194,1664,692,555,5,6229.77
4195,1665,185,1748,3,16972.26
4196,1665,1432,1446,2,80908.65
4197,1665,1887,719,2,76831.13
4198,1666,1311,990,2,93900.74
4199,1666,437,1659,4,26955.04
4200,1667,1349,256,2,21253.95
4201,1667,1008,284,4,899.64
4202,1667,1176,775,3,48515.86
4203,1667,1137,1947,4,33473.58
4204,1668,700,1061,5,47516.85
4205,1669,1712,1075,4,4854.24
4206,1670,150,1917,1,71002.68
4207,1670,1910,1182,1,78151.04
4208,1670,1478,854,1,29234.57
4209,1671,528,1331,1,80916.92
4210,1671,522,1194,5,27024.44
4211,1671,782,1553,5,28205.08
4212,1671,1460,1639,3,48555.78
4213,1672,1789,436,5,96904.36
4214,1672,1881,1758,3,98066.68
4215,1672,1003,379,2,57179.11
4216,1673,1988,1718,4,78139.4
4217,1673,599,116,4,35832.17
4218,1673,1146,1818,1,8000.48
4219,1673,1382,698,2,44939.76
4220,1674,322,178,5,37777.34
4221,1675,1547,832,4,4834.45
4222,1675,340,1200,1,49427.24
4223,1676,844,1109,4,18074.43
4224,1676,1491,1473,2,2937.57
4225,1676,40,441,5,31829.78
4226,1676,304,740,4,43013.91
4227,1677,825,1370,5,18443.19
4228,1677,1553,223,1,89017.41
4229,1677,1691,387,4,68703.59
4230,1678,916,96,2,43069.09
4231,1679,1081,1294,5,72760.19
4232,1680,1883,891,5,66991.75
4233,1680,1462,75,4,66665.75
4234,1680,1444,1628,1,49676.35
4235,1680,1565,1822,5,20706.07
4236,1681,1217,1424,4,42366.1
4237,1681,317,624,5,6391.25
4238,1681,1378,839,2,96257.26
4239,1682,122,1636,3,81159.45
4240,1682,1746,551,3,47611.53
4241,1682,973,905,2,40551.82
4242,1683,739,1584,5,96959.66
4243,1683,1387,1029,1,91639.43
4244,1683,566,1201,3,49569.35
4245,1683,184,1183,3,38550.03
4246,1684,397,630,3,98210.81
4247,1685,125,896,2,20045.49
4248,1685,381,463,1,13511.85
4249,1686,1359,708,2,77258.03
4250,1686,1950,761,4,57689.71
4251,1686,1852,21,5,55149.29
4252,1686,524,1555,1,56266.65
4253,1687,1544,1589,1,70536.39
4254,1687,1588,466,3,33714.38
4255,1687,1680,1055,3,35832.23
4256,1687,529,305,3,76004.4
4257,1688,754,1451,5,43290.96
4258,1688,251,1557,5,99273.21
4259,1688,257,51,1,15227.43
4260,1688,702,734,2,62096.41
4261,1689,1230,279,4,21408.04
4262,1689,1907,445,3,64644.47
4263,1689,428,1092,3,46538.03
4264,1689,398,327,5,21563.7
4265,1690,1834,1706,2,61486.37
4266,1690,1611,362,2,32598.74
4267,1691,209,478,2,68577.56
4268,1691,73,1689,1,48386.53
4269,1692,292,515,1,45585.87
4270,1692,1342,913,1,22369.52
4271,1692,426,392,2,74921.45
4272,1693,1399,1295,5,7504.33
4273,1693,254,1054,2,95807.21
4274,1694,817,1984,1,77004.49
4275,1694,1300,1323,4,85045.29
4276,1694,1569,1282,1,4577.32
4277,1695,901,1214,5,53251.45
4278,1695,207,1315,3,45887.47
4279,1696,978,1945,4,37894.71
4280,1697,1107,1286,4,34054.73
4281,1697,34,1729,3,88625.42
4282,1697,1831,1491,2,83321.76
4283,1697,1337,1003,5,508.27
4284,1698,1272,593,1,25307.02
4285,1698,1370,1461,2,3020.2
4286,1698,323,923,2,99931.29
4287,1698,892,1984,5,66917.13
4288,1699,1264,1487,2,548.03
4289,1699,419,1139,2,30497.11
4290,1699,539,1172,1,27535.9
4291,1700,1257,1872,5,31016.89
4292,1700,1865,1388,2,79594.19
4293,1700,1244,763,1,53219.59
4294,1700,960,194,5,18099.33
4295,1701,1975,1597,1,19984.9
4296,1701,708,1490,1,26637.03
4297,1701,1635,24,4,47836.37
4298,1701,744,1796,5,11743.88
4299,1702,826,1324,4,78208.67
4300,1703,1013,192,3,21103.44
4301,1703,856,1182,5,20210.56
4302,1703,965,292,5,23685.09
4303,1704,1824,1497,1,11442.34
4304,1705,380,1755,4,49458.65
4305,1705,636,313,1,20148.49
4306,1705,301,1160,4,19651.89
4307,1706,605,850,2,76994.1
4308,1706,422,527,5,73776.8
4309,1706,1174,1222,3,68887.25
4310,1706,1386,1140,5,7550.58
4311,1707,850,1595,3,77880.34
4312,1707,742,963,1,83568.15
4313,1707,892,445,1,60361.16
4314,1708,33,1357,2,10253.85
4315,1709,1926,771,2,97062.81
4316,1709,418,1993,2,36541.89
4317,1709,779,800,4,46330.87
4318,1709,1376,1443,2,4457.41
4319,1710,584,1035,4,82208.23
4320,1710,1881,438,5,98282.56
4321,1711,1368,197,5,17296.0
4322,1711,802,1236,1,31574.49
4323,1711,11,1064,4,54449.28
4324,1711,1633,1987,1,15512.17
4325,1712,2000,1528,2,49134.29
4326,1712,1759,624,4,3568.41
4327,1713,1361,1053,3,98139.25
4328,1713,961,1291,3,5802.44
4329,1714,1629,1263,1,25498.6
4330,1714,120,1016,1,50232.03
4331,1714,1612,600,3,74147.33
4332,1714,1672,1146,1,40071.65
4333,1715,1539,506,3,85813.98
4334,1715,1006,1969,5,86252.65
4335,1715,1669,523,4,57307.79
4336,1716,1106,1574,5,29617.25
4337,1716,903,1525,3,33752.67
4338,1717,1351,680,4,71369.25
4339,1718,1133,392,4,29675.8
4340,1719,1516,186,5,88273.69
4341,1719,921,1544,5,9092.11
4342,1719,907,912,3,44272.89
4343,1720,727,1679,4,74146.07
4344,1720,89,1268,2,91748.53
4345,1720,1242,810,2,77074.01
4346,1721,307,491,1,27872.81
4347,1722,575,1951,2,27950.46
4348,1722,806,456,3,68415.25
4349,1722,1643,476,3,17542.02
4350,1722,1246,831,5,4004.77
4351,1723,383,1680,1,87896.17
4352,1724,66,926,1,55635.19
4353,1724,1685,1119,1,51102.81
4354,1724,482,1778,3,41781.45
4355,1724,1034,596,4,69440.08
4356,1725,1204,435,4,740.38
4357,1725,1644,904,3,80519.33
4358,1725,121,1505,5,24469.55
4359,1726,873,167,2,18555.22
4360,1727,91,1489,5,4089.02
4361,1727,1546,830,3,5643.52
4362,1727,487,1129,4,77109.37
4363,1728,1308,1154,1,12353.19
4364,1729,252,1234,2,52586.56
4365,1729,643,764,2,73766.1
4366,1729,1068,852,4,72057.12
4367,1730,1056,647,1,69385.0
4368,1730,643,54,2,69266.01
4369,1731,396,217,1,58299.78
4370,1731,1618,1753,3,45165.16
4371,1731,1063,1754,4,7946.12
4372,1731,24,1110,1,25809.28
4373,1732,789,1532,1,61651.2
4374,1733,389,1871,4,42585.98
4375,1734,75,689,1,62913.46
4376,1734,1797,1376,5,11274.71
4377,1734,730,1902,5,93402.9
4378,1735,167,1353,4,61233.83
4379,1735,1028,16,5,51611.49
4380,1735,887,638,5,80198.06
4381,1735,1629,1224,2,26185.02
4382,1736,36,1868,1,25683.36
4383,1736,1005,172,2,12111.84
4384,1736,1881,451,2,94537.06
4385,1737,1562,399,3,93230.57
4386,1738,1970,87,5,14194.39
4387,1738,277,1761,3,11222.84
4388,1739,1933,1694,2,64823.68
4389,1740,1917,1903,4,68899.89
4390,1741,790,920,3,16152.32
4391,1741,317,796,4,5835.31
4392,1741,1468,1415,2,24154.24
4393,1742,1477,1331,2,90770.2
4394,1742,68,796,5,77012.12
4395,1743,1932,652,4,89431.96
4396,1743,151,345,1,21927.45
4397,1743,880,884,1,86559.88
4398,1744,1111,168,1,80810.18
4399,1745,1769,1456,2,69575.21
4400,1745,1369,1259,5,8613.72
4401,1746,122,665,3,79376.52
4402,1746,373,1527,5,45237.12
4403,1747,122,1614,2,72152.53
4404,1747,879,1620,3,91771.46
4405,1748,1229,1348,5,41879.82
4406,1748,882,1734,1,62446.12
4407,1748,1137,1806,5,39295.67
4408,1749,1169,1563,4,32650.76
4409,1750,1981,591,3,41545.16
4410,1751,183,289,1,49978.65
4411,1751,134,1624,4,74089.64
4412,1752,830,1610,3,30948.97
4413,1753,519,523,4,96178.88
4414,1754,1417,1252,4,11940.27
4415,1755,79,1131,2,60736.19
4416,1755,1648,1155,3,62423.48
4417,1755,1587,1160,3,78396.39
4418,1756,24,1741,3,25314.88
4419,1756,1210,1868,5,68712.7
4420,1756,1393,1696,2,24617.54
4421,1756,1663,936,3,86063.19
4422,1757,1217,1267,5,46969.29
4423,1757,1142,714,5,72463.39
4424,1757,452,998,3,38288.53
4425,1757,1402,562,1,91344.37
4426,1758,595,1271,3,93436.68
4427,1759,1859,1737,2,32422.24
4428,1759,883,1285,5,25525.96
4429,1759,367,832,4,99742.56
4430,1759,648,1799,5,39194.85
4431,1760,92,801,3,63739.33
4432,1760,197,1075,4,40438.88
4433,1761,1377,1824,5,972.06
4434,1761,1459,1857,1,37955.87
4435,1761,769,1603,4,40103.19
4436,1762,1961,1554,4,27606.56
4437,1762,795,1575,5,38132.82
4438,1762,174,17,2,34011.02
4439,1762,248,1070,2,11553.25
4440,1763,1795,1293,4,81713.64
4441,1763,1124,95,1,92994.01
4442,1763,1218,776,2,51606.53
4443,1763,1880,1528,4,75201.05
4444,1764,92,1837,3,69081.65
4445,1764,324,1019,2,13439.66
4446,1764,129,1469,2,48004.87
4447,1765,368,697,2,58491.34
4448,1765,1969,1522,4,86036.04
4449,1765,416,2,5,84033.93
4450,1766,1230,129,4,19985.91
4451,1766,800,742,1,18643.11
4452,1766,1800,308,1,2338.78
4453,1767,677,1572,1,39305.14
4454,1767,408,244,5,29179.9
4455,1768,35,1699,5,30517.55
4456,1768,675,1360,2,36693.74
4457,1768,1255,260,1,35782.9
4458,1768,1968,175,2,3856.86
4459,1769,1877,1525,2,102101.24
4460,1769,529,1624,3,84731.46
4461,1769,1821,1313,1,31182.74
4462,1770,1654,1851,5,46664.12
4463,1771,1049,1858,2,17313.96
4464,1771,456,1301,4,66109.93
4465,1771,544,987,5,89409.77
4466,1771,1423,310,3,47024.43
4467,1772,198,236,4,97272.54
4468,1772,1901,302,2,82019.46
4469,1773,1276,1396,5,62883.05
4470,1773,1926,224,1,103653.11
4471,1773,1159,1647,5,32766.48
4472,1773,1773,1765,3,49287.22
4473,1774,705,1263,4,105188.51
4474,1774,949,1392,3,28025.16
4475,1774,1064,970,4,81448.97
4476,1774,1582,1590,3,50050.49
4477,1775,437,1029,5,28510.94
4478,1775,1572,295,2,60603.85
4479,1775,1439,1012,2,84762.95
4480,1775,616,606,2,68434.12
4481,1776,415,139,4,69882.94
4482,1776,670,1392,5,78056.87
4483,1776,240,1134,1,38773.32
4484,1777,516,749,2,66929.4
4485,1777,689,1080,2,48296.57
4486,1778,326,813,4,22277.43
4487,1778,15,1875,4,13790.87
4488,1778,537,1091,2,11666.83
4489,1778,904,1987,4,79168.25
4490,1779,162,114,4,1660.66
4491,1779,1481,148,2,82512.57
4492,1779,1363,799,5,36987.75
4493,1779,265,389,1,9205.25
4494,1780,812,196,1,18752.62
4495,1780,263,606,1,49790.39
4496,1781,451,1678,1,63774.22
4497,1781,8,794,1,15551.85
4498,1781,1302,587,3,18057.68
4499,1782,1908,945,3,76303.18
4500,1782,627,420,2,39012.89
4501,1782,722,1630,5,71498.14
4502,1782,1450,199,1,43012.36
4503,1783,465,498,3,768.07
4504,1783,466,1911,4,27081.57
4505,1783,1677,886,5,76095.88
4506,1784,52,1537,1,66288.42
4507,1785,464,1229,5,88485.76
4508,1785,604,1514,5,96767.86
4509,1785,618,1667,5,74685.28
4510,1786,1503,1087,5,48368.11
4511,1787,1049,1456,2,14915.54
4512,1787,827,1173,5,27306.19
4513,1787,110,1244,3,83766.5
4514,1787,1942,896,2,58905.28
4515,1788,1850,93,2,84074.05
4516,1788,591,329,2,63542.11
4517,1788,1195,1784,5,40185.82
4518,1788,1777,1141,1,38214.94
4519,1789,29,1405,1,41728.26
4520,1789,594,1499,5,11282.67
4521,1789,923,812,5,65733.45
4522,1789,424,942,4,76014.55
4523,1790,524,453,4,48412.02
4524,1790,14,1761,3,48152.69
4525,1790,941,8,4,92368.18
4526,1790,37,1469,2,41157.44
4527,1791,247,1981,2,27651.96
4528,1791,1773,1321,5,48795.19
4529,1792,1759,1032,4,3646.78
4530,1792,1754,1101,2,84667.32
4531,1793,1562,874,3,96321.32
4532,1793,902,442,5,6764.76
4533,1793,274,1742,1,15150.25
4534,1794,1319,883,5,60629.44
4535,1794,1201,1558,1,57766.33
4536,1794,1718,822,4,30304.63
4537,1795,1113,194,2,26995.96
4538,1795,722,1339,3,60654.16
4539,1795,475,697,5,64612.53
4540,1796,1185,188,1,105865.59
4541,1796,1799,1348,3,71264.05
4542,1796,1152,1635,4,35626.45
4543,1797,1981,372,1,41523.94
4544,1797,536,797,2,51759.0
4545,1798,971,1551,1,88141.63
4546,1799,1617,517,5,12541.26
4547,1799,771,1412,4,35171.85
4548,1800,1896,1680,5,85638.8
4549,1800,741,1454,3,93160.65
4550,1800,1512,529,2,13898.35
4551,1801,1024,1546,2,6798.03
4552,1801,1176,428,4,43182.74
4553,1802,690,1002,4,91650.62
4554,1802,1181,1065,4,58933.28
4555,1802,1017,750,5,88703.31
4556,1802,364,1615,5,92709.94
4557,1803,1707,633,1,37596.26
4558,1803,1589,1220,1,77749.0
4559,1804,1587,1138,1,99655.75
4560,1804,1668,1337,5,59581.95
4561,1805,886,1007,2,41422.29
4562,1805,1612,1245,5,62662.81
4563,1806,1740,1774,1,63741.69
4564,1806,832,154,1,46497.7
4565,1806,236,218,3,13473.02
4566,1806,745,1981,1,46030.11
4567,1807,1535,846,3,64108.99
4568,1807,408,321,1,29095.31
4569,1808,179,6,5,81974.56
4570,1809,1639,1913,4,103112.04
4571,1810,1691,1241,1,74793.7
4572,1810,943,1288,5,38078.56
4573,1810,1442,184,3,35605.81
4574,1811,460,55,4,66240.86
4575,1811,1087,1923,5,6963.42
4576,1811,1355,1365,2,83447.41
4577,1811,1889,372,1,67185.67
4578,1812,243,1560,2,53506.52
4579,1812,93,886,3,22121.66
4580,1812,1641,356,1,83576.76
4581,1812,372,1636,4,64694.29
4582,1813,325,744,5,13583.91
4583,1813,1835,213,3,22025.72
4584,1813,547,1397,4,8830.84
4585,1813,1867,322,4,22359.78
4586,1814,237,1396,3,91630.57
4587,1815,1708,1977,4,42598.81
4588,1816,1281,375,4,80497.99
4589,1816,1656,1980,5,84028.3
4590,1817,833,1409,5,48248.05
4591,1817,1042,1407,5,64804.54
4592,1817,1131,129,1,74498.74
4593,1818,1380,411,3,94977.81
4594,1818,1239,1983,4,35758.5
4595,1818,972,1675,5,34990.0
4596,1819,1944,1876,2,97743.43
4597,1819,1428,842,3,19556.46
4598,1820,105,308,4,16103.35
4599,1820,345,1010,4,66170.98
4600,1820,784,1568,3,42262.81
4601,1820,412,1656,3,87026.41
4602,1821,1344,1268,3,39945.46
4603,1821,1519,1297,3,104207.75
4604,1821,794,1525,1,75694.08
4605,1821,789,1725,2,56675.27
4606,1822,1858,1327,1,62564.32
4607,1822,518,266,3,25001.23
4608,1822,1769,747,2,62542.2
4609,1822,655,348,5,48792.47
4610,1823,1392,1074,5,3980.96
4611,1823,1704,1800,2,48216.88
4612,1823,1532,530,3,42721.83
4613,1824,904,1669,3,78749.42
4614,1824,1649,1776,1,65152.57
4615,1825,1076,1090,2,24731.82
4616,1825,15,1093,3,14516.97
4617,1825,768,1189,2,21038.21
4618,1825,471,1244,1,13086.22
4619,1826,621,88,3,54988.88
4620,1826,1999,60,4,29259.58
4621,1826,1517,429,1,15316.91
4622,1826,1075,1793,3,52281.86
4623,1827,1479,1803,4,22012.45
4624,1828,1718,212,1,37100.22
4625,1828,61,1802,2,20936.12
4626,1828,644,1058,2,3685.75
4627,1829,1294,414,3,11030.06
4628,1829,1191,957,3,6008.0
4629,1829,885,546,4,56153.28
4630,1829,422,1527,1,72016.16
4631,1830,1851,403,5,10853.16
4632,1830,995,542,1,65193.73
4633,1831,1603,1452,5,47848.31
4634,1831,110,1671,1,79969.29
4635,1832,44,367,4,24300.7
4636,1833,1647,1790,5,86428.39
4637,1833,1093,803,3,98193.96
4638,1833,226,538,5,20983.12
4639,1833,1397,975,5,50413.45
4640,1834,1062,484,1,11237.24
4641,1834,403,540,3,72861.38
4642,1835,916,761,3,45488.73
4643,1835,1766,969,5,88552.36
4644,1835,1343,1752,3,63965.21
4645,1836,1370,1314,2,2855.78
4646,1836,1552,381,4,78164.75
4647,1836,1574,827,5,61695.63
4648,1837,1549,175,5,61429.23
4649,1837,964,246,2,17530.6
4650,1837,124,490,4,6041.65
4651,1837,985,1767,2,48688.1
4652,1838,385,946,3,60856.92
4653,1838,1008,1321,5,823.15
4654,1839,1966,1434,2,17088.41
4655,1839,1377,509,4,995.85
4656,1839,210,1026,4,31887.54
4657,1840,1003,1186,1,61015.26
4658,1841,1731,1816,1,79763.68
4659,1841,1314,548,1,10083.01
4660,1841,745,1978,4,48759.93
4661,1841,244,1560,5,85175.66
4662,1842,904,551,5,93501.92
4663,1842,1088,1650,1,25739.68
4664,1842,1497,1060,3,63723.43
4665,1843,1905,584,1,922.08
4666,1843,1774,1798,3,77000.75
4667,1843,673,982,2,24148.47
4668,1843,1352,1259,1,42283.16
4669,1844,1135,502,4,29302.26
4670,1844,1780,525,2,42866.09
4671,1844,1678,170,4,12554.15
4672,1844,1037,1064,3,46955.16
4673,1845,1942,1821,1,59444.79
4674,1845,535,1350,5,93747.03
4675,1845,548,1521,5,42938.2
4676,1846,382,1282,1,81511.55
4677,1846,1991,1818,3,38777.02
4678,1847,317,1280,1,5865.23
4679,1847,867,741,2,42903.6
4680,1847,1269,1868,1,18566.76
4681,1848,781,1965,5,15739.89
4682,1848,402,339,2,78232.87
4683,1848,449,1975,4,21204.67
4684,1848,44,1985,1,27735.68
4685,1849,902,1224,5,6598.45
4686,1850,564,1724,1,17132.65
4687,1850,1649,1399,4,56340.78
4688,1850,1628,335,1,87040.23
4689,1851,441,2000,3,1930.56
4690,1851,192,599,2,66448.96
4691,1851,1144,1361,5,87832.97
4692,1852,1553,1419,4,91210.09
4693,1853,1655,114,3,5086.44
4694,1853,1861,255,1,79272.6
4695,1854,1863,1968,3,64118.68
4696,1855,1452,1875,5,19859.63
4697,1855,919,1550,4,77285.55
4698,1855,446,1813,2,94423.95
4699,1856,555,1468,3,98884.42
4700,1856,1702,671,2,18299.17
4701,1857,768,1758,1,23086.9
4702,1858,298,1567,5,39257.24
4703,1858,1761,895,3,21877.87
4704,1858,1390,1202,3,47863.8
4705,1858,385,202,5,60523.52
4706,1859,748,1405,4,33141.55
4707,1859,1325,1605,5,73296.88
4708,1859,957,163,3,97601.28
4709,1860,500,110,5,28589.19
4710,1861,1491,1271,3,3157.48
4711,1861,1489,537,5,19782.34
4712,1861,1746,212,3,42843.13
4713,1861,1702,1452,3,18235.0
4714,1862,1199,1813,3,23543.48
4715,1862,1515,1046,5,19260.42
4716,1862,236,523,3,13833.73
4717,1863,85,681,1,48110.09
4718,1863,487,1743,4,74961.25
4719,1863,1879,740,3,42204.93
4720,1864,755,682,5,82206.21
4721,1864,1764,1759,1,33914.13
4722,1865,1360,915,4,28529.56
4723,1865,313,615,4,70093.57
4724,1866,1286,557,3,49378.17
4725,1866,1018,369,3,57797.53
4726,1866,1913,1451,1,70878.54
4727,1866,1010,1054,4,46652.57
4728,1867,1509,1662,2,1175.44
4729,1867,1202,963,5,85050.55
4730,1867,1664,1011,1,17978.68
4731,1868,1829,583,5,43356.42
4732,1868,746,1166,4,85349.17
4733,1868,1229,544,1,39176.37
4734,1869,405,1155,3,11369.66
4735,1869,1389,1350,4,67646.72
4736,1870,746,704,1,95698.54
4737,1870,1201,1591,4,51463.17
4738,1870,453,540,5,102860.55
4739,1871,770,617,1,92026.84
4740,1872,1006,1392,4,77331.04
4741,1872,303,405,1,50687.49
4742,1873,1943,1286,2,2839.45
4743,1873,232,1017,1,62930.55
4744,1873,1421,580,3,20008.36
4745,1874,1619,724,3,97989.0
4746,1874,594,689,3,13481.9
4747,1875,1963,869,5,102386.8
4748,1875,252,1359,2,52421.88
4749,1876,1433,850,4,65504.16
4750,1876,1988,1148,5,76066.28
4751,1876,1763,16,3,26016.86
4752,1876,1566,1524,5,63255.72
4753,1877,1555,412,1,32800.62
4754,1877,1470,759,3,35898.39
4755,1877,105,1146,3,17674.58
4756,1877,602,192,5,39973.0
4757,1878,457,1139,4,62563.41
4758,1878,801,1595,5,90367.87
4759,1879,1783,1369,4,11034.22
4760,1879,141,1180,5,14130.45
4761,1880,1324,181,1,30299.69
4762,1880,1392,1619,5,3769.82
4763,1880,51,161,1,22347.81
4764,1881,355,332,4,10708.01
4765,1881,90,68,5,76161.16
4766,1882,1450,1927,5,40378.06
4767,1882,445,1024,5,12990.75
4768,1883,1364,1371,2,80534.47
4769,1884,1063,1950,1,9003.24
4770,1884,348,1260,2,79538.89
4771,1884,1933,581,4,65521.27
4772,1884,1342,1542,4,25455.09
4773,1885,828,560,2,96816.53
4774,1885,509,1114,2,33320.04
4775,1885,1532,1433,1,35811.13
4776,1885,1807,382,4,51140.89
4777,1886,570,846,3,73162.85
4778,1886,305,62,3,53891.01
4779,1886,1491,1145,2,3099.11
4780,1886,1672,1567,2,48840.01
4781,1887,833,1608,3,44300.0
4782,1887,491,1399,5,85970.66
4783,1887,906,1690,3,30156.49
4784,1887,1217,1161,2,40399.95
4785,1888,1360,1946,3,25851.87
4786,1888,181,1249,2,30523.83
4787,1888,627,1166,5,46142.8
4788,1888,1910,511,1,93585.24
4789,1889,1655,637,2,4656.1
4790,1889,896,572,1,72429.36
4791,1889,827,1284,4,32214.94
4792,1890,1735,1138,5,97108.01
4793,1891,1569,796,4,4763.08
4794,1891,1957,1655,5,79010.51
4795,1891,1207,1838,1,91499.38
4796,1892,1720,1181,2,71528.44
4797,1892,285,1582,2,6242.31
4798,1893,282,464,4,4006.62
4799,1893,381,996,5,15592.15
4800,1893,1850,110,4,94799.76
4801,1893,108,132,2,76149.97
4802,1894,1884,1067,3,88710.92
4803,1894,617,501,1,4207.72
4804,1894,1448,1613,3,59611.11
4805,1894,1809,789,3,92746.8
4806,1895,1357,1365,3,88000.17
4807,1895,818,943,5,19949.78
4808,1895,1335,1387,1,45584.09
4809,1895,1679,723,3,4803.59
4810,1896,1878,1305,4,91612.24
4811,1896,811,535,3,15857.81
4812,1897,440,1875,2,78142.74
4813,1897,1983,75,3,90660.47
4814,1897,849,523,4,44409.13
4815,1898,1638,87,1,89112.9
4816,1898,519,180,5,86911.3
4817,1898,364,513,4,99743.84
4818,1899,282,668,1,4477.25
4819,1899,104,190,5,13385.57
4820,1899,512,712,1,59274.67
4821,1900,767,459,3,43098.24
4822,1900,1285,1121,3,31900.12
4823,1900,208,180,3,22683.45
4824,1900,483,1869,2,46840.47
4825,1901,1842,420,2,12225.13
4826,1901,867,1376,5,48674.28
4827,1901,842,98,3,59615.37
4828,1901,1455,419,5,61168.3
4829,1902,84,1036,5,53565.82
4830,1902,1885,1509,4,63803.35
4831,1902,1524,745,2,14752.34
4832,1902,1640,167,5,24457.83
4833,1903,1844,1707,3,82540.08
4834,1903,1718,1571,4,33212.74
4835,1903,1341,1226,1,43074.21
4836,1903,1595,272,4,30192.96
4837,1904,720,1271,4,68840.53
4838,1904,1263,232,3,54956.09
4839,1905,92,1930,1,65901.55
4840,1905,640,982,3,64501.55
4841,1906,877,158,1,53674.39
4842,1907,1838,287,1,5956.99
4843,1907,1822,1204,4,56815.74
4844,1908,1686,226,3,95067.48
4845,1908,942,490,2,5972.15
4846,1909,170,259,4,69347.98
4847,1909,1249,1639,1,27103.37
4848,1910,843,89,2,67517.85
4849,1910,720,823,1,84765.2
4850,1910,816,1983,3,30760.89
4851,1910,1753,46,4,40757.86
4852,1911,930,693,2,34183.81
4853,1911,668,1926,2,20830.52
4854,1911,680,1382,2,51625.45
4855,1912,1531,1483,3,51609.58
4856,1912,118,16,3,20818.78
4857,1912,295,1732,4,89054.22
4858,1912,932,86,4,38835.33
4859,1913,947,1583,1,82808.92
4860,1913,1960,171,5,73183.33
4861,1913,156,785,4,45559.43
4862,1914,1660,1991,2,20745.96
4863,1914,370,1630,2,56364.76
4864,1915,1557,1883,2,23584.97
4865,1915,1426,1772,3,85992.8
4866,1916,1504,655,1,41855.47
4867,1916,1194,858,3,39045.88
4868,1916,1436,115,4,19928.13
4869,1917,298,222,5,33344.88
4870,1917,1763,303,3,21203.74
4871,1918,845,1606,3,100540.71
4872,1918,1536,1402,3,80709.06
4873,1918,1083,1175,1,26613.85
4874,1919,624,141,1,91862.15
4875,1920,1115,1596,3,35554.64
4876,1920,1034,1243,2,65143.49
4877,1920,68,802,3,72226.09
4878,1921,854,1565,2,67476.31
4879,1921,416,988,3,92590.23
4880,1922,954,1783,1,44392.6
4881,1922,1435,1679,5,36904.94
4882,1923,831,1580,3,21046.47
4883,1924,68,197,4,59742.68
4884,1924,1311,1980,3,88515.67
4885,1924,1325,228,2,67515.0
4886,1924,301,1434,5,19261.25
4887,1925,1767,1886,5,28180.57
4888,1925,435,190,4,80136.29
4889,1926,780,930,4,31295.68
4890,1926,1084,768,1,93027.04
4891,1926,223,194,4,63564.56
4892,1927,1983,1586,5,86566.28
4893,1927,1412,1564,1,17112.65
4894,1928,1477,1691,5,73257.11
4895,1928,744,776,5,12868.31
4896,1928,1828,388,2,65720.82
4897,1929,1000,1206,2,57079.3
4898,1930,589,1064,5,17348.44
4899,1930,1319,528,3,58539.27
4900,1930,1024,718,3,6808.54
4901,1930,58,1782,3,46686.35
4902,1931,1170,1723,3,39414.47
4903,1931,415,1360,4,68003.85
4904,1931,1908,783,3,70805.47
4905,1932,803,26,4,17738.09
4906,1932,369,1328,3,56679.76
4907,1932,1781,1337,2,95382.77
4908,1933,842,1557,2,73963.78
4909,1933,54,1701,4,27095.25
4910,1934,249,1150,4,40916.53
4911,1935,1515,241,1,23909.8
4912,1936,893,7,5,70786.49
4913,1936,1718,1208,3,37472.36
4914,1937,1669,1139,1,55406.62
4915,1938,101,1787,2,35769.98
4916,1939,1414,1081,1,79960.33
4917,1939,832,1729,5,49549.97
4918,1939,1366,1687,4,87954.88
4919,1939,345,1608,1,53810.98
4920,1940,275,266,1,15234.63
4921,1940,1429,688,4,27451.87
4922,1940,790,1583,5,17660.04
4923,1940,1038,627,4,44212.63
4924,1941,921,1970,5,8764.91
4925,1941,415,1425,5,65338.94
4926,1941,1302,1215,2,18093.16
4927,1941,652,726,1,23727.65
4928,1942,822,1900,5,35013.4
4929,1942,492,1358,4,71553.9
4930,1942,1753,1497,5,40949.77
4931,1943,721,100,4,50677.34
4932,1943,92,870,4,67856.85
4933,1944,1309,1109,1,22541.6
4934,1944,969,1497,1,27889.06
4935,1944,388,1018,3,45470.65
4936,1944,744,1934,3,12035.07
4937,1945,766,1258,5,56946.51
4938,1945,1769,1936,3,65991.37
4939,1946,443,764,4,26353.99
4940,1946,1100,1209,4,12361.99
4941,1946,482,364,3,38773.18
4942,1947,1726,165,5,4214.81
4943,1948,1827,1184,1,41475.17
4944,1948,521,1659,4,73912.63
4945,1948,873,183,5,19814.62
4946,1948,1312,1199,5,61677.98
4947,1949,490,436,1,70054.48
4948,1949,1390,1137,4,44373.19
4949,1949,77,82,3,85019.74
4950,1950,1056,1512,4,62848.39
4951,1950,1634,483,3,70015.25
4952,1951,868,352,1,56546.86
4953,1951,1413,1384,3,39360.84
4954,1952,520,233,2,14874.11
4955,1952,984,826,5,103229.09
4956,1952,1033,1207,2,42254.46
4957,1952,254,755,1,93826.51
4958,1953,1640,282,5,24149.43
4959,1953,262,903,4,74806.48
4960,1954,1855,1625,2,75690.67
4961,1954,1911,568,4,8365.91
4962,1954,17,1553,1,56171.72
4963,1955,1419,989,5,17486.76
4964,1955,1353,616,2,38656.65
4965,1955,1014,258,3,40789.4
4966,1955,1485,1313,3,39536.63
4967,1956,1030,1425,1,70866.04
4968,1956,1895,677,4,71074.02
4969,1957,1844,941,2,71545.15
4970,1957,1984,557,5,38927.84
4971,1958,780,1438,3,30089.03
4972,1958,1212,722,4,11937.94
4973,1959,404,206,4,92061.2
4974,1959,409,1823,4,74768.12
4975,1959,1181,1652,5,59858.67
4976,1960,34,1555,3,86728.82
4977,1960,819,1890,5,79995.56
4978,1960,1173,559,3,9076.66
4979,1961,1610,1469,1,42368.58
4980,1962,1758,1597,5,56520.54
4981,1962,997,1275,2,23970.77
4982,1963,235,1962,1,12385.91
4983,1963,1886,1075,1,74011.57
4984,1964,1252,1314,1,80576.39
4985,1964,1831,319,5,86886.46
4986,1964,1922,919,3,78733.54
4987,1964,1275,629,5,34934.64
4988,1965,207,183,3,45488.55
4989,1966,1752,387,3,2361.84
4990,1967,109,1715,4,7607.7
4991,1967,1317,1911,2,57265.46
4992,1967,190,619,3,31729.88
4993,1967,1784,582,4,5006.04
4994,1968,1868,365,1,82165.9
4995,1969,1453,798,5,38164.76
4996,1969,514,348,2,44214.91
4997,1969,1625,1167,3,64290.07
4998,1970,1538,911,2,21890.99
4999,1971,566,785,1,54908.68
5000,1971,789,1642,5,66712.24
5001,1972,968,1477,1,16993.11
5002,1972,1404,1631,2,105100.51
5003,1972,102,1077,1,27865.17
5004,1973,222,691,2,4943.74
5005,1973,802,1296,1,35308.55
5006,1973,389,1,2,37719.43
5007,1974,999,693,4,34575.07
5008,1975,1855,1244,3,73181.38
5009,1976,1083,1499,3,27568.88
5010,1977,448,404,4,78457.17
5011,1977,1381,1497,1,29443.11
5012,1978,1926,1887,1,88643.42
5013,1978,1224,883,3,18799.48
5014,1978,1639,900,5,86365.81
5015,1979,1489,350,5,17760.01
5016,1979,970,675,2,28271.74
5017,1979,1124,623,5,87664.19
5018,1980,1668,1198,1,57364.04
5019,1981,1333,580,2,53567.01
5020,1982,1032,226,3,74381.65
5021,1982,232,173,2,76764.19
5022,1982,595,1970,3,99232.17
5023,1983,1846,1189,1,13336.39
5024,1983,1183,345,4,47880.8
5025,1983,1191,12,1,6276.85
5026,1983,389,1681,1,37112.35
5027,1984,1823,106,5,70975.23
5028,1984,88,1325,3,12299.44
5029,1984,312,893,5,1615.04
5030,1985,826,1114,1,88308.18
5031,1985,746,301,4,79266.48
5032,1985,1279,1637,5,15717.34
5033,1985,609,1356,4,87043.87
5034,1986,1945,209,4,52260.21
5035,1986,1243,560,5,21121.88
5036,1986,1949,1862,3,43682.46
5037,1987,1474,1147,1,33134.55
5038,1987,233,202,2,69584.78
5039,1988,1808,210,3,3159.38
5040,1988,282,1798,5,4628.21
5041,1988,446,1818,2,87387.75
5042,1989,1914,26,2,64556.29
5043,1989,1465,1488,3,10004.1
5044,1989,1993,1931,4,40028.45
5045,1990,1290,498,2,14030.8
5046,1991,642,1920,3,63323.82
5047,1991,506,1100,4,62211.3
5048,1992,1667,918,4,28618.32
5049,1993,1583,1882,2,49499.0
5050,1993,276,1300,5,77313.84
5051,1993,1268,1011,4,72802.47
5052,1994,620,1436,4,20920.38
5053,1994,107,275,1,11617.14
5054,1994,1990,1332,3,53159.43
5055,1994,1105,599,1,66542.16
5056,1995,1432,1808,3,92698.24
5057,1995,74,39,5,70202.91
5058,1996,1980,1635,4,23523.05
5059,1996,1879,282,3,37087.05
5060,1996,297,886,3,84912.57
5061,1996,581,133,4,58324.25
5062,1997,1216,995,4,101369.29
5063,1997,365,1953,2,63313.04
5064,1998,1433,1138,1,70463.73
5065,1998,380,347,5,52014.87
5066,1998,450,1860,4,95752.86
5067,1999,1592,941,5,15088.14
5068,1999,1709,1057,1,2899.34
5069,2000,562,370,2,58483.19
